ID,Label,Definition,Commentaire,Definition Source,See Also,Editor,Type,Parent Class,Disjoint Class,Equivalent Class,Domain,Range,Individual has value
ID,A rdfs:label,A IAO:0000115,A rdfs:comment,>A IAO:0000119,AI rdfs:seeAlso,A IAO:0000117,TYPE,SC % SPLIT=|,DC %,EC %,DOMAIN,RANGE,TI SIO:000300 exactly %
BFO:0000002,,,,,,,,,,,,,
PROMOT:0000001,mutation,,,,,,,BFO:0000002|(SIO:000217 some SIO:001268),,,,,
PROMOT:0000002,PABPN1,mutation located within the PABPN1 gene,,,,Juliette Potier,,PROMOT:0000001,,,,,
PROMOT:0000003,RYR1,mutation located within the RYR1 gene,,,,Juliette Potier,,PROMOT:0000001,,,,,
PROMOT:0000004,TTN,mutation located within the TTN gene,,,,Juliette Potier,,PROMOT:0000001,,,,,
PROMOT:0000005,NEB,mutation located within the NEB gene,,,,Juliette Potier,,PROMOT:0000001,,,,,
PROMOT:0000006,MTM1,mutation located within the MTM1 gene,,,,Juliette Potier,,PROMOT:0000001,,,,,
PROMOT:0000007,ACTA1,mutation located within the ACTA1 gene,,,,Juliette Potier,,PROMOT:0000001,,,,,
PROMOT:0000008,SELENON,mutation located within the SELENON gene,,,,Juliette Potier,,PROMOT:0000001,,,,,
PROMOT:0000009,CHRNE,mutation located within the CHRNE gene,,,,Juliette Potier,,PROMOT:0000001,,,,,
PROMOT:0000010,DOK7,mutation located within the DOK7 gene,,,,Juliette Potier,,PROMOT:0000001,,,,,
PROMOT:0000011,COLQ,mutation located within the COLQ gene,,,,Juliette Potier,,PROMOT:0000001,,,,,
PROMOT:0000012,RAPSN,mutation located within the RAPSN gene,,,,Juliette Potier,,PROMOT:0000001,,,,,
PROMOT:0000013,GFPT1,mutation located within the GFPT1 gene,,,,Juliette Potier,,PROMOT:0000001,,,,,
PROMOT:0000014,GMPPB,mutation located within the GMPPB gene,,,,Juliette Potier,,PROMOT:0000001,,,,,
BFO:0000034,,,,,,,,,,,,,
WHOFIC:567313968,,,,,,,,BFO:0000034,,PROMOT:7000003,,,
PROMOT:7000003,Phenotypicaly related body function,,,,,Juliette Potier,,BFO:0000034,,WHOFIC:567313968,,,
BFO:0000028,,,,,,,,,,,,,
WHOFIC:1626363729,,,,,,,,BFO:0000028,,PROMOT:7000002,,,
PROMOT:7000002,Phenotypicaly related body structure,,,,,Juliette Potier,,BFO:0000028,,WHOFIC:1626363729,,,
BFO:0000040,,,,,,,,,,,,,
FMA:62955,,,,,,,,BFO:0000040,,,,,
PROMOT:7000001,Phenotypicaly related anatomical entity,,,,,Juliette Potier,,BFO:0000040,,FMA:62955,,,
BFO:0000019,,,,,,,,,,,,,
WHOFIC:423829389,,,,,,,,BFO:0000019,,,,,
SIO:000475,,,,,,,,BFO:0000019,,,,,
MONDO:0000001,,,,,,,,(RO:0002200 some HP:0000118)|(RO:0004003 some PROMOT:0000001),,,,,
BFO:0000016,,,,,,,,,,,,,
HP:0000118,,,,,,,,BFO:0000016|(RO:0002201 some PROMOT:3000001)|(SIO:000217 some PROMOT:6000001)|(RO:0002201 some MONDO:0000001),,,,,
BFO:0000015,,,,,,,,,,,,,
WHOFIC:1394728112,,,,,,,,BFO:0000015,,,,,
SNOMED:386053000,Evaluation procedure (procedure),,,,,,,(PROMOT:2000003 some PROMOT:3000001),,,,,
SNOMED:360296002,Assistive equipment (physical object),,,,,,,(PROMOT:2000002 some PROMOT:3000001),,,,,
IAO:0000030,,,,,,,,,,,,,
SNOMED:302147001,Demographic history detail ,,,,,,,,,,,,
RO:0002200,,,,,,,Object property,,,,,,
RO:0002201,,,,,,,Object property,,,,,,
SIO:000217,,,,,,,Object property,,,,,,
VO:0001039,,,,,,,Object property,,,,,,
RO:0002351,,,,,,,Object property,,,,PROMOT:4000001,,
SIO:000671,,,,,,,Object property,,,,,,
PROMOT:1000001,found in,indicates the source of the concept.,,,,Juliette Potier,Annotation property,,,,,xsd:string,
PROMOT:2000001,is location of,"a relation between a phenotypically related anatomical entity and a phenotype, where the phenotype is located in the phenotypically related anatomical entity.",,,,Juliette Potier,Object property,,,,FMA:62955,PROMOT:7000001,
PROMOT:2000002,used by,"a relation between a device and a patient, where the patient uses an assistive equipment in order to move or to accomplish something, such as a task or an activity.",,,,Juliette Potier,Object property,,,,,SNOMED:360296002,
PROMOT:2000003,assess,"a relation between an evaluation procedure and a patient, where the patient is assessed by an evaluation procedure, such as a test, a questionnaire or a scale.",,,,Juliette Potier,Object property,,,,,SNOMED:386053000,
BIOLINK:affects,affects,Describes an entity that has an effect on the state or quality of another existing entity.,https://bioportal.bioontology.org/ontologies/BIOLINK,,https://biolink.github.io/biolink-model/,,Object property,,,,,,
BIOLINK:affected_by,affected by,describes an entity of which the state or quality is affected by another existing entity.,https://bioportal.bioontology.org/ontologies/BIOLINK,,https://biolink.github.io/biolink-model/,,Object property,,,,,,
BIOLINK:related_to,related to,A relationship that is asserted between two named things,https://bioportal.bioontology.org/ontologies/BIOLINK,,https://biolink.github.io/biolink-model/,,Object property,,,,,,
SIO:010057,,,,,,,,,,,,,
PROMOT:3000001,Patient,Participant of PROMOT,,,,,,NCBITaxon:9606|(VO:0001039 some PROMOT:0000001)|(SIO:000217 some SIO:010057),,,,,
PROMOT:4000001,Patient statement,,,,,,,IAO:0000030|(RO:0002351 some SNOMED:302147001)|(RO:0002351 some Patient)|(RO:0002351 some PROMOT:3000001)|(RO:0002351 some PROMOT:5000001),,,,,
PROMOT:4000002,Biological sex statement,Statement of a patient’s biological sex,,,,Juliette Potier,,PROMOT:4000001,,,,,
PROMOT:4000003,Marital status statement,Statement of a patient’s marital status,,,,Juliette Potier,,PROMOT:4000001,,,,,
PROMOT:4000004,Occupation statement,"Statement of a patient’s occupation, such as work",,,,Juliette Potier,,PROMOT:4000001,,,,,
PROMOT:4000005,Ethnicity statement,Statement of a patient’s ethnicity,,,,Juliette Potier,,PROMOT:4000001,,,,,
PROMOT:4000006,Date of birth statement,Statement of a patient’s date of birth,,,,Juliette Potier,,PROMOT:4000001,,,,,
PROMOT:4000007,Date of death statement,Statement of a patient’s date of death,,,,Juliette Potier,,PROMOT:4000001,,,,,
PROMOT:4000008,Achieved qualification statement,Statement of a patient’s achieved qualification,,,,Juliette Potier,,PROMOT:4000001,,,,,
PROMOT:4000009,Duration of formal education statement,,,,,,,PROMOT:4000001,,,,,
PROMOT:5000001,Patient identifier,An information content entity that is used to refer to one instance of a patient.,,,,Juliette Potier,,IAO:0000030,,,,,
PROMOT:I000003,DOB1,Test for 1 instance of a date of birth,,,,,SNOMED:184099003,,,,,,
PROMOT:I000004,DOBstat1,Test for 1 instance of a date of birth statement.,,,,,PROMOT:4000006,,,,,,
SNOMED:184099003,,,,,,,,,,,,,
SIO:000300,,,,,,,Data property,,,,,xsd:date,
PROMOT:6000001,presence qualifier,"Qualifier for an instance of a phenotype to state its presence, absence or unsure presence status.",,,,Juliette Potier,,BFO:0000019,,,,,
PROMOT:6000002,absent,Qualifier for an instance of a phenotype which is absent.,,,,Juliette Potier,,PROMOT:6000001,,,,,
PROMOT:6000003,present,Qualify an instance of a phenotype as present.,,,,Juliette Potier,,PROMOT:6000001,,,,,
PROMOT:6000004,unsure,Qualify an instance of a phenotype as unsure.,,,,Juliette Potier,,PROMOT:6000001,,,,,
NCBITaxon:9606,,,,,,,,,,,,,
SNOMED:298059007,,,,,,,,IAO:0000030,,,,,
