ID	Label EN	Label FR	Label FR annotation	Label ES	Label ES annotation	CrossRef
ID	AL rdfs:label@en	AL rdfs:label@fr	>A rdfs:comment	AL rdfs:label@es	>A rdfs:comment	A oboInOwl:hasDbXref SPLIT=|
http://id.who.int/icd/entity/1019379329	Structure of upper extremity	Structure du membre supérieur	Source for official translation: https://icd.who.int/browse/2026-01/icf/fr > Info > Fichier du tableur	Estructura de la extremidad superior	Source for official translation: https://icd.who.int/browse/2026-01/icf/es > Información > Archivo de hoja de cálculo	
http://id.who.int/icd/entity/1034220517	Alternative vocalization functions	Autres fonctions de vocalisation	Source for official translation: https://icd.who.int/browse/2026-01/icf/fr > Info > Fichier du tableur	Funciones alternativas de vocalización	Source for official translation: https://icd.who.int/browse/2026-01/icf/es > Información > Archivo de hoja de cálculo	
http://id.who.int/icd/entity/1041382491	Oral swallowing	Déglutition orale	Source for official translation: https://icd.who.int/browse/2026-01/icf/fr > Info > Fichier du tableur	Deglución oral	Source for official translation: https://icd.who.int/browse/2026-01/icf/es > Información > Archivo de hoja de cálculo	
http://id.who.int/icd/entity/1065560247	Pain in stomach or abdomen	Douleur à l'estomac ou dans l'abdomen	Source for official translation: https://icd.who.int/browse/2026-01/icf/fr > Info > Fichier du tableur	Dolor en el estómago o en el abdomen	Source for official translation: https://icd.who.int/browse/2026-01/icf/es > Información > Archivo de hoja de cálculo	
http://id.who.int/icd/entity/1083127119	Functions of coughing	Fonctions de toux	Source for official translation: https://icd.who.int/browse/2026-01/icf/fr > Info > Fichier du tableur	funciones de toser	Source for official translation: https://icd.who.int/browse/2026-01/icf/es > Información > Archivo de hoja de cálculo	
http://id.who.int/icd/entity/1090716697	Functions of external muscles of the eye	Fonctions des muscles externes de l'œil	Source for official translation: https://icd.who.int/browse/2026-01/icf/fr > Info > Fichier du tableur	Funciones de los músculos externos del ojo	Source for official translation: https://icd.who.int/browse/2026-01/icf/es > Información > Archivo de hoja de cálculo	
http://id.who.int/icd/entity/1104062484	Pubertal functions	Fonctions liées à la puberté	Source for official translation: https://icd.who.int/browse/2026-01/icf/fr > Info > Fichier du tableur	Funciones puberales	Source for official translation: https://icd.who.int/browse/2026-01/icf/es > Información > Archivo de hoja de cálculo	
http://id.who.int/icd/entity/1108927576	Structure of shoulder region	Structure de la région des épaules	Source for official translation: https://icd.who.int/browse/2026-01/icf/fr > Info > Fichier du tableur	Estructura de la región del hombro	Source for official translation: https://icd.who.int/browse/2026-01/icf/es > Información > Archivo de hoja de cálculo	
http://id.who.int/icd/entity/1109440237	Speed of speech	Vitesse de la parole	Source for official translation: https://icd.who.int/browse/2026-01/icf/fr > Info > Fichier du tableur	Velocidad del habla	Source for official translation: https://icd.who.int/browse/2026-01/icf/es > Información > Archivo de hoja de cálculo	
http://id.who.int/icd/entity/1131514421	Maintaining body position	Garder la position du corps	Source for official translation: https://icd.who.int/browse/2026-01/icf/fr > Info > Fichier du tableur	Mantener la posición del cuerpo	Source for official translation: https://icd.who.int/browse/2026-01/icf/es > Información > Archivo de hoja de cálculo	
http://id.who.int/icd/entity/1134562249	Functions of the joints and bones	Fonctions des articulations et des os	Source for official translation: https://icd.who.int/browse/2026-01/icf/fr > Info > Fichier du tableur	Funciones de las articulaciones y los huesos	Source for official translation: https://icd.who.int/browse/2026-01/icf/es > Información > Archivo de hoja de cálculo	
http://id.who.int/icd/entity/1164313611	Muscle functions	Fonctions musculaires	Source for official translation: https://icd.who.int/browse/2026-01/icf/fr > Info > Fichier du tableur	Funciones musculares	Source for official translation: https://icd.who.int/browse/2026-01/icf/es > Información > Archivo de hoja de cálculo	
http://id.who.int/icd/entity/117147127	Pain in chest	Douleur dans la poitrine	Source for official translation: https://icd.who.int/browse/2026-01/icf/fr > Info > Fichier du tableur	Dolor en el pecho	Source for official translation: https://icd.who.int/browse/2026-01/icf/es > Información > Archivo de hoja de cálculo	
http://id.who.int/icd/entity/1174312718	Manipulation of food in the mouth	Travailler les aliments dans la bouche	Source for official translation: https://icd.who.int/browse/2026-01/icf/fr > Info > Fichier du tableur	Manipulación de la comida en la boca	Source for official translation: https://icd.who.int/browse/2026-01/icf/es > Información > Archivo de hoja de cálculo	
http://id.who.int/icd/entity/1182439715	Cervical vertebral column	Colonne cervicale	Source for official translation: https://icd.who.int/browse/2026-01/icf/fr > Info > Fichier du tableur	Columna vertebral cervical	Source for official translation: https://icd.who.int/browse/2026-01/icf/es > Información > Archivo de hoja de cálculo	
http://id.who.int/icd/entity/1228414013	General tasks and demands	Tâches et exigences générales	Source for official translation: https://icd.who.int/browse/2026-01/icf/fr > Info > Fichier du tableur	Tareas y demandas generales	Source for official translation: https://icd.who.int/browse/2026-01/icf/es > Información > Archivo de hoja de cálculo	
http://id.who.int/icd/entity/1233939003	Muscles of hand	Muscles de la main	Source for official translation: https://icd.who.int/browse/2026-01/icf/fr > Info > Fichier du tableur	Músculos de la mano	Source for official translation: https://icd.who.int/browse/2026-01/icf/es > Información > Archivo de hoja de cálculo	
http://id.who.int/icd/entity/1255154286	Hearing and vestibular functions	Fonctions de l'audition et fonctions vestibulaires	Source for official translation: https://icd.who.int/browse/2026-01/icf/fr > Info > Fichier du tableur	Funciones auditivas y vestibulares	Source for official translation: https://icd.who.int/browse/2026-01/icf/es > Información > Archivo de hoja de cálculo	
http://id.who.int/icd/entity/1264948861	Stability of joint functions	Fonctions relatives à la stabilité des articulations	Source for official translation: https://icd.who.int/browse/2026-01/icf/fr > Info > Fichier du tableur	Funciones relacionadas con la estabilidad de las articulaciones	Source for official translation: https://icd.who.int/browse/2026-01/icf/es > Información > Archivo de hoja de cálculo	
http://id.who.int/icd/entity/1266389839	Changing and maintaining body position	Changer et maintenir la position du corps	Source for official translation: https://icd.who.int/browse/2026-01/icf/fr > Info > Fichier du tableur	Cambiar y mantener la posición del cuerpo	Source for official translation: https://icd.who.int/browse/2026-01/icf/es > Información > Archivo de hoja de cálculo	
http://id.who.int/icd/entity/1278239861	Muscles of ankle and foot	Muscles de la cheville et du pied	Source for official translation: https://icd.who.int/browse/2026-01/icf/fr > Info > Fichier du tableur	Músculos del tobillo y del pie	Source for official translation: https://icd.who.int/browse/2026-01/icf/es > Información > Archivo de hoja de cálculo	
http://id.who.int/icd/entity/1299345975	Pain in upper limb	Douleur au membre supérieur	Source for official translation: https://icd.who.int/browse/2026-01/icf/fr > Info > Fichier du tableur	Dolor en una extremidad superior	Source for official translation: https://icd.who.int/browse/2026-01/icf/es > Información > Archivo de hoja de cálculo	
http://id.who.int/icd/entity/1328466963	Gait pattern functions	Fonctions relatives au type de démarche	Source for official translation: https://icd.who.int/browse/2026-01/icf/fr > Info > Fichier du tableur	Funciones relacionadas con el patrón de la marcha	Source for official translation: https://icd.who.int/browse/2026-01/icf/es > Información > Archivo de hoja de cálculo	
http://id.who.int/icd/entity/1328675264	Eating	Manger	Source for official translation: https://icd.who.int/browse/2026-01/icf/fr > Info > Fichier du tableur	Comer	Source for official translation: https://icd.who.int/browse/2026-01/icf/es > Información > Archivo de hoja de cálculo	
http://id.who.int/icd/entity/1334556216	Walking and moving	Marcher et se déplacer	Source for official translation: https://icd.who.int/browse/2026-01/icf/fr > Info > Fichier du tableur	Andar y moverse	Source for official translation: https://icd.who.int/browse/2026-01/icf/es > Información > Archivo de hoja de cálculo	
http://id.who.int/icd/entity/134464731	Specific mental functions	Fonctions mentales spécifiques	Source for official translation: https://icd.who.int/browse/2026-01/icf/fr > Info > Fichier du tableur	Funciones mentales específicas	Source for official translation: https://icd.who.int/browse/2026-01/icf/es > Información > Archivo de hoja de cálculo	
http://id.who.int/icd/entity/1360101629	Respiratory muscle functions	Fonctions des muscles respiratoires	Source for official translation: https://icd.who.int/browse/2026-01/icf/fr > Info > Fichier du tableur	Funciones de los músculos respiratorios	Source for official translation: https://icd.who.int/browse/2026-01/icf/es > Información > Archivo de hoja de cálculo	
http://id.who.int/icd/entity/1363559646	Mental functions	Fonctions mentales	Source for official translation: https://icd.who.int/browse/2026-01/icf/fr > Info > Fichier du tableur	Funciones mentales	Source for official translation: https://icd.who.int/browse/2026-01/icf/es > Información > Archivo de hoja de cálculo	
http://id.who.int/icd/entity/1364393443	Thoracic vertebral column	Colonne thoracique	Source for official translation: https://icd.who.int/browse/2026-01/icf/fr > Info > Fichier du tableur	Columna vertebral torácica	Source for official translation: https://icd.who.int/browse/2026-01/icf/es > Información > Archivo de hoja de cálculo	
http://id.who.int/icd/entity/1389818830	Chewing	Mastiquer	Source for official translation: https://icd.who.int/browse/2026-01/icf/fr > Info > Fichier du tableur	Masticación	Source for official translation: https://icd.who.int/browse/2026-01/icf/es > Información > Archivo de hoja de cálculo	
http://id.who.int/icd/entity/1398348540	Looking after one's health	Prendre soin de sa santé	Source for official translation: https://icd.who.int/browse/2026-01/icf/fr > Info > Fichier du tableur	Cuidado de la propia salud	Source for official translation: https://icd.who.int/browse/2026-01/icf/es > Información > Archivo de hoja de cálculo	
http://id.who.int/icd/entity/1399000785	Contraction force of ventricular muscles	Force de contraction des muscles ventriculaires	Source for official translation: https://icd.who.int/browse/2026-01/icf/fr > Info > Fichier du tableur	Fuerza de contracción de los músculos ventriculares	Source for official translation: https://icd.who.int/browse/2026-01/icf/es > Información > Archivo de hoja de cálculo	
http://id.who.int/icd/entity/1401748164	Hip joint	Articulation de la hanche	Source for official translation: https://icd.who.int/browse/2026-01/icf/fr > Info > Fichier du tableur	Articulación de la cadera	Source for official translation: https://icd.who.int/browse/2026-01/icf/es > Información > Archivo de hoja de cálculo	
http://id.who.int/icd/entity/1405368356	Sensations related to muscles and movement functions	Sensations relatives aux fonctions des muscles et aux fonctions motrices.	Source for official translation: https://icd.who.int/browse/2026-01/icf/fr > Info > Fichier du tableur	Sensaciones relacionadas con los músculos y las funciones del movimiento	Source for official translation: https://icd.who.int/browse/2026-01/icf/es > Información > Archivo de hoja de cálculo	
http://id.who.int/icd/entity/1419635799	Structures of the nervous system	Structures du système nerveux	Source for official translation: https://icd.who.int/browse/2026-01/icf/fr > Info > Fichier du tableur	Capítulo 1 estructuras del sistema nervioso	Source for official translation: https://icd.who.int/browse/2026-01/icf/es > Información > Archivo de hoja de cálculo	
http://id.who.int/icd/entity/142318995	Structure of hand	Structure de la main	Source for official translation: https://icd.who.int/browse/2026-01/icf/fr > Info > Fichier du tableur	Estructura de la mano	Source for official translation: https://icd.who.int/browse/2026-01/icf/es > Información > Archivo de hoja de cálculo	
http://id.who.int/icd/entity/1426641453	Melody of speech	Mélodie de la parole	Source for official translation: https://icd.who.int/browse/2026-01/icf/fr > Info > Fichier du tableur	Melodía del habla	Source for official translation: https://icd.who.int/browse/2026-01/icf/es > Información > Archivo de hoja de cálculo	
http://id.who.int/icd/entity/1434015402	Stretch motor reflex	Réflexe moteur d'étirement	Source for official translation: https://icd.who.int/browse/2026-01/icf/fr > Info > Fichier du tableur	Reflejo de extensión motora	Source for official translation: https://icd.who.int/browse/2026-01/icf/es > Información > Archivo de hoja de cálculo	
http://id.who.int/icd/entity/1436113794	Community, social and civic life	Vie communautaire, sociale et civique	Source for official translation: https://icd.who.int/browse/2026-01/icf/fr > Info > Fichier du tableur	Vida comunitaria, social y cívica	Source for official translation: https://icd.who.int/browse/2026-01/icf/es > Información > Archivo de hoja de cálculo	
http://id.who.int/icd/entity/1438965984	Additional musculoskeletal structures related to movement	Structures supplémentaires de l'appareil locomoteur liées au mouvement	Source for official translation: https://icd.who.int/browse/2026-01/icf/fr > Info > Fichier du tableur	Estructuras musculoesqueléticas adicionales relacionadas con el movimiento	Source for official translation: https://icd.who.int/browse/2026-01/icf/es > Información > Archivo de hoja de cálculo	
http://id.who.int/icd/entity/1452836727	Household tasks	Tâches domestiques	Source for official translation: https://icd.who.int/browse/2026-01/icf/fr > Info > Fichier du tableur	Tareas del hogar	Source for official translation: https://icd.who.int/browse/2026-01/icf/es > Información > Archivo de hoja de cálculo	
http://id.who.int/icd/entity/1462755743	Standing	Se mettre debout	Source for official translation: https://icd.who.int/browse/2026-01/icf/fr > Info > Fichier du tableur	Ponerse de pie	Source for official translation: https://icd.who.int/browse/2026-01/icf/es > Información > Archivo de hoja de cálculo	
http://id.who.int/icd/entity/1470583183	Functions of breathing through the mouth	Fonctions liées à la respiration par la bouche	Source for official translation: https://icd.who.int/browse/2026-01/icf/fr > Info > Fichier du tableur	Funciones de la respiración a través de la boca	Source for official translation: https://icd.who.int/browse/2026-01/icf/es > Información > Archivo de hoja de cálculo	
http://id.who.int/icd/entity/1474003417	Maintaining head position	Maintenir la position de la tête	Source for official translation: https://icd.who.int/browse/2026-01/icf/fr > Info > Fichier du tableur	Mantener la posición de la cabeza	Source for official translation: https://icd.who.int/browse/2026-01/icf/es > Información > Archivo de hoja de cálculo	
http://id.who.int/icd/entity/150502901	Changing basic body position	Changer la position corporelle de base	Source for official translation: https://icd.who.int/browse/2026-01/icf/fr > Info > Fichier du tableur	Cambiar las posturas corporales básicas	Source for official translation: https://icd.who.int/browse/2026-01/icf/es > Información > Archivo de hoja de cálculo	
http://id.who.int/icd/entity/151046878	Speaking	Parler	Source for official translation: https://icd.who.int/browse/2026-01/icf/fr > Info > Fichier du tableur	Hablar	Source for official translation: https://icd.who.int/browse/2026-01/icf/es > Información > Archivo de hoja de cálculo	
http://id.who.int/icd/entity/1515853559	Pain in lower limb	Douleur au membre inférieur	Source for official translation: https://icd.who.int/browse/2026-01/icf/fr > Info > Fichier du tableur	Dolor en una extremidad inferior	Source for official translation: https://icd.who.int/browse/2026-01/icf/es > Información > Archivo de hoja de cálculo	
http://id.who.int/icd/entity/1521707777	Endurance of muscle groups	Endurance des groupes de muscles	Source for official translation: https://icd.who.int/browse/2026-01/icf/fr > Info > Fichier du tableur	Resistencia de grupos de músculos	Source for official translation: https://icd.who.int/browse/2026-01/icf/es > Información > Archivo de hoja de cálculo	
http://id.who.int/icd/entity/1525383756	Intellectual functions	Fonctions intellectuelles	Source for official translation: https://icd.who.int/browse/2026-01/icf/fr > Info > Fichier du tableur	Funciones intelectuales	Source for official translation: https://icd.who.int/browse/2026-01/icf/es > Información > Archivo de hoja de cálculo	
http://id.who.int/icd/entity/1528299701	Ligaments and fasciae of ankle and foot	Ligaments et fascia de la cheville et du pied	Source for official translation: https://icd.who.int/browse/2026-01/icf/fr > Info > Fichier du tableur	Ligamentos y fascias del tobillo y del pie	Source for official translation: https://icd.who.int/browse/2026-01/icf/es > Información > Archivo de hoja de cálculo	
http://id.who.int/icd/entity/1535125568	Domestic life	Vie domestique	Source for official translation: https://icd.who.int/browse/2026-01/icf/fr > Info > Fichier du tableur	Vida doméstica	Source for official translation: https://icd.who.int/browse/2026-01/icf/es > Información > Archivo de hoja de cálculo	
http://id.who.int/icd/entity/1550548595	Walking	Marcher	Source for official translation: https://icd.who.int/browse/2026-01/icf/fr > Info > Fichier du tableur	Andar	Source for official translation: https://icd.who.int/browse/2026-01/icf/es > Información > Archivo de hoja de cálculo	
http://id.who.int/icd/entity/1571232890	Intercostal muscles	Muscles intercostaux	Source for official translation: https://icd.who.int/browse/2026-01/icf/fr > Info > Fichier du tableur	Músculos intercostales	Source for official translation: https://icd.who.int/browse/2026-01/icf/es > Información > Archivo de hoja de cálculo	
http://id.who.int/icd/entity/1580195090	Digestive functions	Fonctions digestives	Source for official translation: https://icd.who.int/browse/2026-01/icf/fr > Info > Fichier du tableur	Funciones relacionadas con la digestión	Source for official translation: https://icd.who.int/browse/2026-01/icf/es > Información > Archivo de hoja de cálculo	
http://id.who.int/icd/entity/1607952955	Vestibular functions	Fonctions vestibulaires	Source for official translation: https://icd.who.int/browse/2026-01/icf/fr > Info > Fichier du tableur	Función vestibular	Source for official translation: https://icd.who.int/browse/2026-01/icf/es > Información > Archivo de hoja de cálculo	
http://id.who.int/icd/entity/1608009360	Self-care	Entretien personnel	Source for official translation: https://icd.who.int/browse/2026-01/icf/fr > Info > Fichier du tableur	Autocuidado	Source for official translation: https://icd.who.int/browse/2026-01/icf/es > Información > Archivo de hoja de cálculo	
http://id.who.int/icd/entity/161488596	Neuromusculoskeletal and movement-related functions	Fonctions de l'appareil locomoteur et liées au mouvement	Source for official translation: https://icd.who.int/browse/2026-01/icf/fr > Info > Fichier du tableur	Funciones neuromusculoesqueléticas y relacionadas con el movimiento	Source for official translation: https://icd.who.int/browse/2026-01/icf/es > Información > Archivo de hoja de cálculo	
http://id.who.int/icd/entity/1626363729	Body structures	Structures anatomiques	Source for official translation: https://icd.who.int/browse/2026-01/icf/fr > Info > Fichier du tableur	Estructuras corporales	Source for official translation: https://icd.who.int/browse/2026-01/icf/es > Información > Archivo de hoja de cálculo	
http://id.who.int/icd/entity/1650503157	Bones of ankle and foot	Os de la cheville et du pied	Source for official translation: https://icd.who.int/browse/2026-01/icf/fr > Info > Fichier du tableur	Huesos del tobillo y del pie	Source for official translation: https://icd.who.int/browse/2026-01/icf/es > Información > Archivo de hoja de cálculo	
http://id.who.int/icd/entity/1674298945	Endurance of all muscles of the body	Endurance de tous les muscles du corps	Source for official translation: https://icd.who.int/browse/2026-01/icf/fr > Info > Fichier du tableur	Resistencia de todos los músculos del cuerpo	Source for official translation: https://icd.who.int/browse/2026-01/icf/es > Información > Archivo de hoja de cálculo	
http://id.who.int/icd/entity/1682107878	Additional functions of the respiratory system	Fonctions additionnelles du système respiratoire	Source for official translation: https://icd.who.int/browse/2026-01/icf/fr > Info > Fichier du tableur	Funciones respiratorias adicionales	Source for official translation: https://icd.who.int/browse/2026-01/icf/es > Información > Archivo de hoja de cálculo	
http://id.who.int/icd/entity/169456190	Joints of head and neck region	Articulations de la région de la tête et du cou	Source for official translation: https://icd.who.int/browse/2026-01/icf/fr > Info > Fichier du tableur	Articulaciones de la cabeza y de la región del cuello	Source for official translation: https://icd.who.int/browse/2026-01/icf/es > Información > Archivo de hoja de cálculo	
http://id.who.int/icd/entity/1747603619	Lumbar vertebral column	Colonne lombaire	Source for official translation: https://icd.who.int/browse/2026-01/icf/fr > Info > Fichier du tableur	Columna vertebral lumbar	Source for official translation: https://icd.who.int/browse/2026-01/icf/es > Información > Archivo de hoja de cálculo	
http://id.who.int/icd/entity/1748092144	Stability of a single joint	Stabilité d'une seule articulation	Source for official translation: https://icd.who.int/browse/2026-01/icf/fr > Info > Fichier du tableur	Estabilidad de una sola articulación	Source for official translation: https://icd.who.int/browse/2026-01/icf/es > Información > Archivo de hoja de cálculo	
http://id.who.int/icd/entity/1754034822	Structure of mouth	Structure de la bouche	Source for official translation: https://icd.who.int/browse/2026-01/icf/fr > Info > Fichier du tableur	Estructura de la boca	Source for official translation: https://icd.who.int/browse/2026-01/icf/es > Información > Archivo de hoja de cálculo	
http://id.who.int/icd/entity/1757783224	Mobility of several joints	Mobilité de plusieurs articulations	Source for official translation: https://icd.who.int/browse/2026-01/icf/fr > Info > Fichier du tableur	Movilidad de varias articulaciones	Source for official translation: https://icd.who.int/browse/2026-01/icf/es > Información > Archivo de hoja de cálculo	
http://id.who.int/icd/entity/1777008610	Motor reflex functions	Fonctions relatives aux réflexes moteurs	Source for official translation: https://icd.who.int/browse/2026-01/icf/fr > Info > Fichier du tableur	Funciones relacionadas con los reflejos motores	Source for official translation: https://icd.who.int/browse/2026-01/icf/es > Información > Archivo de hoja de cálculo	
http://id.who.int/icd/entity/1780196241	Heart rhythm	Rythme cardiaque	Source for official translation: https://icd.who.int/browse/2026-01/icf/fr > Info > Fichier du tableur	Ritmo cardíaco	Source for official translation: https://icd.who.int/browse/2026-01/icf/es > Información > Archivo de hoja de cálculo	
http://id.who.int/icd/entity/178625206	Thoracic cage	Cage thoracique	Source for official translation: https://icd.who.int/browse/2026-01/icf/fr > Info > Fichier du tableur	Caja torácica	Source for official translation: https://icd.who.int/browse/2026-01/icf/es > Información > Archivo de hoja de cálculo	
http://id.who.int/icd/entity/1789365017	Power of isolated muscles and muscle groups	Puissance des muscles isolés et des groupes de muscles	Source for official translation: https://icd.who.int/browse/2026-01/icf/fr > Info > Fichier du tableur	Fuerza de músculos aislados o de grupos de músculos	Source for official translation: https://icd.who.int/browse/2026-01/icf/es > Información > Archivo de hoja de cálculo	
http://id.who.int/icd/entity/1794398084	Muscles of thigh	Muscles de la cuisse	Source for official translation: https://icd.who.int/browse/2026-01/icf/fr > Info > Fichier du tableur	Músculos del muslo	Source for official translation: https://icd.who.int/browse/2026-01/icf/es > Información > Archivo de hoja de cálculo	
http://id.who.int/icd/entity/1806589582	Biting	Mordre	Source for official translation: https://icd.who.int/browse/2026-01/icf/fr > Info > Fichier du tableur	Morder	Source for official translation: https://icd.who.int/browse/2026-01/icf/es > Información > Archivo de hoja de cálculo	
http://id.who.int/icd/entity/1811133755	Mental functions of language	Fonctions mentales du langage	Source for official translation: https://icd.who.int/browse/2026-01/icf/fr > Info > Fichier du tableur	Funciones mentales del lenguaje	Source for official translation: https://icd.who.int/browse/2026-01/icf/es > Información > Archivo de hoja de cálculo	
http://id.who.int/icd/entity/1819639191	Reception of language	Réception du langage	Source for official translation: https://icd.who.int/browse/2026-01/icf/fr > Info > Fichier du tableur	Recepción de lenguaje	Source for official translation: https://icd.who.int/browse/2026-01/icf/es > Información > Archivo de hoja de cálculo	
http://id.who.int/icd/entity/1828012543	Communication	Communication	Source for official translation: https://icd.who.int/browse/2026-01/icf/fr > Info > Fichier du tableur	Comunicación	Source for official translation: https://icd.who.int/browse/2026-01/icf/es > Información > Archivo de hoja de cálculo	
http://id.who.int/icd/entity/1831985718	Vestibular function of balance	Fonction vestibulaire de l'équilibre	Source for official translation: https://icd.who.int/browse/2026-01/icf/fr > Info > Fichier du tableur	Función vestibular relacionada con el equilibrio	Source for official translation: https://icd.who.int/browse/2026-01/icf/es > Información > Archivo de hoja de cálculo	
http://id.who.int/icd/entity/1834472768	Transportation of mucus	Transport du mucus	Source for official translation: https://icd.who.int/browse/2026-01/icf/fr > Info > Fichier du tableur	Trasportación de moco	Source for official translation: https://icd.who.int/browse/2026-01/icf/es > Información > Archivo de hoja de cálculo	
http://id.who.int/icd/entity/1839310222	Muscle tone functions	Fonctions relatives au tonus musculaire	Source for official translation: https://icd.who.int/browse/2026-01/icf/fr > Info > Fichier du tableur	Funciones relacionadas con el tono muscular	Source for official translation: https://icd.who.int/browse/2026-01/icf/es > Información > Archivo de hoja de cálculo	
http://id.who.int/icd/entity/1843740951	The eye, ear and related structures	Oeil, oreille et structures annexes	Source for official translation: https://icd.who.int/browse/2026-01/icf/fr > Info > Fichier du tableur	Capítulo 2 el ojo, el oído y estructuras relacionadas	Source for official translation: https://icd.who.int/browse/2026-01/icf/es > Información > Archivo de hoja de cálculo	
http://id.who.int/icd/entity/1846694084	Quality of voice	Qualité de la voix	Source for official translation: https://icd.who.int/browse/2026-01/icf/fr > Info > Fichier du tableur	Calidad de la voz	Source for official translation: https://icd.who.int/browse/2026-01/icf/es > Información > Archivo de hoja de cálculo	
http://id.who.int/icd/entity/184992399	Functions related to mucus	Fonctions liées au mucus	Source for official translation: https://icd.who.int/browse/2026-01/icf/fr > Info > Fichier du tableur	Funciones relacionadas con el moco	Source for official translation: https://icd.who.int/browse/2026-01/icf/es > Información > Archivo de hoja de cálculo	
http://id.who.int/icd/entity/1851215071	Rolling over	Se tourner en roulant	Source for official translation: https://icd.who.int/browse/2026-01/icf/fr > Info > Fichier du tableur	Rodar	Source for official translation: https://icd.who.int/browse/2026-01/icf/es > Información > Archivo de hoja de cálculo	
http://id.who.int/icd/entity/1864074583	Energy level	Niveau d'énergie	Source for official translation: https://icd.who.int/browse/2026-01/icf/fr > Info > Fichier du tableur	Nivel de energía	Source for official translation: https://icd.who.int/browse/2026-01/icf/es > Información > Archivo de hoja de cálculo	
http://id.who.int/icd/entity/1867012554	Muscles of upper arm	Muscles du bras	Source for official translation: https://icd.who.int/browse/2026-01/icf/fr > Info > Fichier du tableur	Músculos del brazo	Source for official translation: https://icd.who.int/browse/2026-01/icf/es > Información > Archivo de hoja de cálculo	
http://id.who.int/icd/entity/1873256446	Community life	Vie communautaire	Source for official translation: https://icd.who.int/browse/2026-01/icf/fr > Info > Fichier du tableur	Vida comunitaria	Source for official translation: https://icd.who.int/browse/2026-01/icf/es > Información > Archivo de hoja de cálculo	
http://id.who.int/icd/entity/1874889854	Muscles of head and neck region	Muscles de la région de la tête et du cou	Source for official translation: https://icd.who.int/browse/2026-01/icf/fr > Info > Fichier du tableur	Músculos de la cabeza y de la región del cuello	Source for official translation: https://icd.who.int/browse/2026-01/icf/es > Información > Archivo de hoja de cálculo	
http://id.who.int/icd/entity/1896301954	Listening	Écouter	Source for official translation: https://icd.who.int/browse/2026-01/icf/fr > Info > Fichier du tableur	Escuchar	Source for official translation: https://icd.who.int/browse/2026-01/icf/es > Información > Archivo de hoja de cálculo	
http://id.who.int/icd/entity/1916167881	Sensory functions and pain	Fonctions sensorielles et douleur	Source for official translation: https://icd.who.int/browse/2026-01/icf/fr > Info > Fichier du tableur	Funciones sensoriales y dolor	Source for official translation: https://icd.who.int/browse/2026-01/icf/es > Información > Archivo de hoja de cálculo	
http://id.who.int/icd/entity/1919311435	Articulation functions	Fonctions d'articulation	Source for official translation: https://icd.who.int/browse/2026-01/icf/fr > Info > Fichier du tableur	Funciones de articulación	Source for official translation: https://icd.who.int/browse/2026-01/icf/es > Información > Archivo de hoja de cálculo	
http://id.who.int/icd/entity/1929433903	Structure of lower extremity	Structure du membre inférieur	Source for official translation: https://icd.who.int/browse/2026-01/icf/fr > Info > Fichier du tableur	Estructura de la extremidad inferior	Source for official translation: https://icd.who.int/browse/2026-01/icf/es > Información > Archivo de hoja de cálculo	
http://id.who.int/icd/entity/1976873960	Functions related to the digestive system	Fonctions relatives au système digestif	Source for official translation: https://icd.who.int/browse/2026-01/icf/fr > Info > Fichier du tableur	Funciones relacionadas con el sistema digestivo	Source for official translation: https://icd.who.int/browse/2026-01/icf/es > Información > Archivo de hoja de cálculo	
http://id.who.int/icd/entity/1993770860	Going up and down stairs	Monter et descendre des escaliers	Source for official translation: https://icd.who.int/browse/2026-01/icf/fr > Info > Fichier du tableur	Subir y bajar escaleras	Source for official translation: https://icd.who.int/browse/2026-01/icf/es > Información > Archivo de hoja de cálculo	
http://id.who.int/icd/entity/2011053685	Learning and applying knowledge	Apprentissage et application des connaissances	Source for official translation: https://icd.who.int/browse/2026-01/icf/fr > Info > Fichier du tableur	Aprendizaje y aplicación del conocimiento	Source for official translation: https://icd.who.int/browse/2026-01/icf/es > Información > Archivo de hoja de cálculo	
http://id.who.int/icd/entity/2021370201	Functions of the eyelid	Fonctions de la paupière	Source for official translation: https://icd.who.int/browse/2026-01/icf/fr > Info > Fichier du tableur	Funciones del párpado	Source for official translation: https://icd.who.int/browse/2026-01/icf/es > Información > Archivo de hoja de cálculo	
http://id.who.int/icd/entity/2022689055	Visual acuity functions	Fonctions d'acuité visuelle	Source for official translation: https://icd.who.int/browse/2026-01/icf/fr > Info > Fichier du tableur	Funciones de la agudeza visual	Source for official translation: https://icd.who.int/browse/2026-01/icf/es > Información > Archivo de hoja de cálculo	
http://id.who.int/icd/entity/2031311308	Functions of structures adjoining the eye	Fonctions des annexes de l'œil	Source for official translation: https://icd.who.int/browse/2026-01/icf/fr > Info > Fichier du tableur	Funciones de las estructuras adyacentes al ojo	Source for official translation: https://icd.who.int/browse/2026-01/icf/es > Información > Archivo de hoja de cálculo	
http://id.who.int/icd/entity/203515404	Pain	Douleur	Source for official translation: https://icd.who.int/browse/2026-01/icf/fr > Info > Fichier du tableur	Dolor	Source for official translation: https://icd.who.int/browse/2026-01/icf/es > Información > Archivo de hoja de cálculo	
http://id.who.int/icd/entity/2048203604	Mobility	Mobilité	Source for official translation: https://icd.who.int/browse/2026-01/icf/fr > Info > Fichier du tableur	Movilidad	Source for official translation: https://icd.who.int/browse/2026-01/icf/es > Información > Archivo de hoja de cálculo	
http://id.who.int/icd/entity/2052957777	Expression of spoken language	Expression du langage parlé	Source for official translation: https://icd.who.int/browse/2026-01/icf/fr > Info > Fichier du tableur	Expresión de lenguaje oral	Source for official translation: https://icd.who.int/browse/2026-01/icf/es > Información > Archivo de hoja de cálculo	
http://id.who.int/icd/entity/2060264919	Structures involved in voice and speech	Structures liées à la voix et à la parole	Source for official translation: https://icd.who.int/browse/2026-01/icf/fr > Info > Fichier du tableur	Capítulo 3 estructuras involucradas en la voz y el habla	Source for official translation: https://icd.who.int/browse/2026-01/icf/es > Información > Archivo de hoja de cálculo	
http://id.who.int/icd/entity/2067741200	Testes and scrotum	Testicules et scrotum	Source for official translation: https://icd.who.int/browse/2026-01/icf/fr > Info > Fichier du tableur	Testículos	Source for official translation: https://icd.who.int/browse/2026-01/icf/es > Información > Archivo de hoja de cálculo	
http://id.who.int/icd/entity/2069371821	Rhythm of speech	Rythme de la parole	Source for official translation: https://icd.who.int/browse/2026-01/icf/fr > Info > Fichier du tableur	Ritmo del habla	Source for official translation: https://icd.who.int/browse/2026-01/icf/es > Información > Archivo de hoja de cálculo	
http://id.who.int/icd/entity/2069698903	Expression of language	Expression du langage	Source for official translation: https://icd.who.int/browse/2026-01/icf/fr > Info > Fichier du tableur	Expresión de lenguaje	Source for official translation: https://icd.who.int/browse/2026-01/icf/es > Información > Archivo de hoja de cálculo	
http://id.who.int/icd/entity/2089171534	Sucking	Sucer	Source for official translation: https://icd.who.int/browse/2026-01/icf/fr > Info > Fichier du tableur	Succión	Source for official translation: https://icd.who.int/browse/2026-01/icf/es > Información > Archivo de hoja de cálculo	
http://id.who.int/icd/entity/2090906765	Thermoregulatory functions	Fonctions thermorégulatrices	Source for official translation: https://icd.who.int/browse/2026-01/icf/fr > Info > Fichier du tableur	Funciones termorreguladoras	Source for official translation: https://icd.who.int/browse/2026-01/icf/es > Información > Archivo de hoja de cálculo	
http://id.who.int/icd/entity/2100545361	Heart rate	Fréquence cardiaque	Source for official translation: https://icd.who.int/browse/2026-01/icf/fr > Info > Fichier du tableur	Frecuencia cardiaca	Source for official translation: https://icd.who.int/browse/2026-01/icf/es > Información > Archivo de hoja de cálculo	
http://id.who.int/icd/entity/213697684	Fluency and rhythm of speech functions	Fonctions de fluidité et de rythme de la parole	Source for official translation: https://icd.who.int/browse/2026-01/icf/fr > Info > Fichier du tableur	Funciones relacionadas con la fluidez y el ritmo del habla	Source for official translation: https://icd.who.int/browse/2026-01/icf/es > Información > Archivo de hoja de cálculo	
http://id.who.int/icd/entity/213893837	Bones	Os	Source for official translation: https://icd.who.int/browse/2026-01/icf/fr > Info > Fichier du tableur	Huesos	Source for official translation: https://icd.who.int/browse/2026-01/icf/es > Información > Archivo de hoja de cálculo	
http://id.who.int/icd/entity/222589883	Heart functions	Fonctions du cœur	Source for official translation: https://icd.who.int/browse/2026-01/icf/fr > Info > Fichier du tableur	Funciones del corazón	Source for official translation: https://icd.who.int/browse/2026-01/icf/es > Información > Archivo de hoja de cálculo	
http://id.who.int/icd/entity/232409592	Structure of pelvic region	Structure de la région pelvienne	Source for official translation: https://icd.who.int/browse/2026-01/icf/fr > Info > Fichier du tableur	Estructura de la región pélvica	Source for official translation: https://icd.who.int/browse/2026-01/icf/es > Información > Archivo de hoja de cálculo	
http://id.who.int/icd/entity/242704590	Functions of expelling the contents of the stomach, oesophagus or pharynx	Fonctions d'expulsion des contenus de l'estomac, de l'œsophage et du pharynx	Source for official translation: https://icd.who.int/browse/2026-01/icf/fr > Info > Fichier du tableur	Regurgitación y vómito	Source for official translation: https://icd.who.int/browse/2026-01/icf/es > Información > Archivo de hoja de cálculo	
http://id.who.int/icd/entity/246722870	Structures around eye	Structures entourant l'œil	Source for official translation: https://icd.who.int/browse/2026-01/icf/fr > Info > Fichier du tableur	Estructuras periféricas oculares	Source for official translation: https://icd.who.int/browse/2026-01/icf/es > Información > Archivo de hoja de cálculo	
http://id.who.int/icd/entity/248265067	Mobility of joint functions	Fonctions relatives à la mobilité des articulations	Source for official translation: https://icd.who.int/browse/2026-01/icf/fr > Info > Fichier du tableur	Funciones relacionadas con la movilidad articular	Source for official translation: https://icd.who.int/browse/2026-01/icf/es > Información > Archivo de hoja de cálculo	
http://id.who.int/icd/entity/249425252	Structure of lower leg	Structure de la jambe	Source for official translation: https://icd.who.int/browse/2026-01/icf/fr > Info > Fichier du tableur	Estructura de la pierna	Source for official translation: https://icd.who.int/browse/2026-01/icf/es > Información > Archivo de hoja de cálculo	
http://id.who.int/icd/entity/260756767	Tone of all muscles of the body	Tonus de tous les muscles du corps	Source for official translation: https://icd.who.int/browse/2026-01/icf/fr > Info > Fichier du tableur	Tono de todos los músculos del cuerpo	Source for official translation: https://icd.who.int/browse/2026-01/icf/es > Información > Archivo de hoja de cálculo	
http://id.who.int/icd/entity/274570113	Muscle power functions	Fonctions relatives à la puissance musculaire	Source for official translation: https://icd.who.int/browse/2026-01/icf/fr > Info > Fichier du tableur	Funciones relacionadas con la fuerza muscular	Source for official translation: https://icd.who.int/browse/2026-01/icf/es > Información > Archivo de hoja de cálculo	
http://id.who.int/icd/entity/278512890	Muscles of shoulder region	Muscles de la région des épaules	Source for official translation: https://icd.who.int/browse/2026-01/icf/fr > Info > Fichier du tableur	Músculos de la región del hombro	Source for official translation: https://icd.who.int/browse/2026-01/icf/es > Información > Archivo de hoja de cálculo	
http://id.who.int/icd/entity/294830867	Muscles of forearm	Muscles de l'avant-bras	Source for official translation: https://icd.who.int/browse/2026-01/icf/fr > Info > Fichier du tableur	Músculos del antebrazo	Source for official translation: https://icd.who.int/browse/2026-01/icf/es > Información > Archivo de hoja de cálculo	
http://id.who.int/icd/entity/299098423	Pain in head and neck	Douleur à la tête et au cou	Source for official translation: https://icd.who.int/browse/2026-01/icf/fr > Info > Fichier du tableur	Dolor en la cabeza y el cuello	Source for official translation: https://icd.who.int/browse/2026-01/icf/es > Información > Archivo de hoja de cálculo	
http://id.who.int/icd/entity/326705068	Functions of the cardiovascular, haematological, immunological and respiratory systems	Fonctions des systèmes cardiovasculaire, hématopoïétique, immunitaire et respiratoire	Source for official translation: https://icd.who.int/browse/2026-01/icf/fr > Info > Fichier du tableur	Funciones de los sistemas cardiovascular, hematológico, inmunológico y respiratorio	Source for official translation: https://icd.who.int/browse/2026-01/icf/es > Información > Archivo de hoja de cálculo	
http://id.who.int/icd/entity/338611549	Muscles of lower leg	Muscles de la jambe	Source for official translation: https://icd.who.int/browse/2026-01/icf/fr > Info > Fichier du tableur	Músculos de la pierna	Source for official translation: https://icd.who.int/browse/2026-01/icf/es > Información > Archivo de hoja de cálculo	
http://id.who.int/icd/entity/341679012	Structure of vertebral column	Structure de la colonne vertébrale	Source for official translation: https://icd.who.int/browse/2026-01/icf/fr > Info > Fichier du tableur	Estructura de la columna vertebral	Source for official translation: https://icd.who.int/browse/2026-01/icf/es > Información > Archivo de hoja de cálculo	
http://id.who.int/icd/entity/363211474	Ingestion functions	Fonctions d'ingestion	Source for official translation: https://icd.who.int/browse/2026-01/icf/fr > Info > Fichier du tableur	Funciones relacionadas con la ingestión	Source for official translation: https://icd.who.int/browse/2026-01/icf/es > Información > Archivo de hoja de cálculo	
http://id.who.int/icd/entity/374222990	Structure of palate	Structure du palais	Source for official translation: https://icd.who.int/browse/2026-01/icf/fr > Info > Fichier du tableur	Estructura del paladar	Source for official translation: https://icd.who.int/browse/2026-01/icf/es > Información > Archivo de hoja de cálculo	
http://id.who.int/icd/entity/388067588	Voice and speech functions	Fonctions de la voix et de la parole	Source for official translation: https://icd.who.int/browse/2026-01/icf/fr > Info > Fichier du tableur	Funciones de la voz y del habla	Source for official translation: https://icd.who.int/browse/2026-01/icf/es > Información > Archivo de hoja de cálculo	
http://id.who.int/icd/entity/389047611	Muscle endurance functions	Fonctions relatives à l'endurance musculaire	Source for official translation: https://icd.who.int/browse/2026-01/icf/fr > Info > Fichier du tableur	Funciones relacionadas con la resistencia muscular	Source for official translation: https://icd.who.int/browse/2026-01/icf/es > Información > Archivo de hoja de cálculo	
http://id.who.int/icd/entity/397303672	Structure of cardiovascular system	Structures du système cardio-vasculaire	Source for official translation: https://icd.who.int/browse/2026-01/icf/fr > Info > Fichier du tableur	Estructura del sistema cardiovascular	Source for official translation: https://icd.who.int/browse/2026-01/icf/es > Información > Archivo de hoja de cálculo	
http://id.who.int/icd/entity/399242087	Recreation and leisure	Récréation et loisirs	Source for official translation: https://icd.who.int/browse/2026-01/icf/fr > Info > Fichier du tableur	Tiempo libre y ocio	Source for official translation: https://icd.who.int/browse/2026-01/icf/es > Información > Archivo de hoja de cálculo	
http://id.who.int/icd/entity/405925948	External ocular muscles	Muscles oculomoteurs	Source for official translation: https://icd.who.int/browse/2026-01/icf/fr > Info > Fichier du tableur	Músculos oculares externos	Source for official translation: https://icd.who.int/browse/2026-01/icf/es > Información > Archivo de hoja de cálculo	
http://id.who.int/icd/entity/409094401	Walking around obstacles	Contourner les obstacles	Source for official translation: https://icd.who.int/browse/2026-01/icf/fr > Info > Fichier du tableur	Andar sorteando obstáculos	Source for official translation: https://icd.who.int/browse/2026-01/icf/es > Información > Archivo de hoja de cálculo	
http://id.who.int/icd/entity/412494151	Running	Courir	Source for official translation: https://icd.who.int/browse/2026-01/icf/fr > Info > Fichier du tableur	Correr	Source for official translation: https://icd.who.int/browse/2026-01/icf/es > Información > Archivo de hoja de cálculo	
http://id.who.int/icd/entity/426292658	Structure of inner ear	Structure de l'oreille interne	Source for official translation: https://icd.who.int/browse/2026-01/icf/fr > Info > Fichier du tableur	Estructura del oído interno	Source for official translation: https://icd.who.int/browse/2026-01/icf/es > Información > Archivo de hoja de cálculo	
http://id.who.int/icd/entity/435521956	Structure of thigh	Structure de la cuisse	Source for official translation: https://icd.who.int/browse/2026-01/icf/fr > Info > Fichier du tableur	Estructura del muslo	Source for official translation: https://icd.who.int/browse/2026-01/icf/es > Información > Archivo de hoja de cálculo	
http://id.who.int/icd/entity/436620656	Structure of head and neck region	Structure de la région de la tête et du cou	Source for official translation: https://icd.who.int/browse/2026-01/icf/fr > Info > Fichier du tableur	Estructura de la cabeza y de la región del cuello	Source for official translation: https://icd.who.int/browse/2026-01/icf/es > Información > Archivo de hoja de cálculo	
http://id.who.int/icd/entity/446199613	Respiration functions	Fonctions respiratoires	Source for official translation: https://icd.who.int/browse/2026-01/icf/fr > Info > Fichier du tableur	Funciones respiratorias	Source for official translation: https://icd.who.int/browse/2026-01/icf/es > Información > Archivo de hoja de cálculo	
http://id.who.int/icd/entity/454325322	Pain in multiple body parts	Douleurs à localisations multiples	Source for official translation: https://icd.who.int/browse/2026-01/icf/fr > Info > Fichier du tableur	Dolor en múltiples partes del cuerpo	Source for official translation: https://icd.who.int/browse/2026-01/icf/es > Información > Archivo de hoja de cálculo	
http://id.who.int/icd/entity/462923277	Joints	Articulations	Source for official translation: https://icd.who.int/browse/2026-01/icf/fr > Info > Fichier du tableur	Articulaciones	Source for official translation: https://icd.who.int/browse/2026-01/icf/es > Información > Archivo de hoja de cálculo	
http://id.who.int/icd/entity/485719194	Maintaining a standing position	Rester debout	Source for official translation: https://icd.who.int/browse/2026-01/icf/fr > Info > Fichier du tableur	Permanecer de pie	Source for official translation: https://icd.who.int/browse/2026-01/icf/es > Información > Archivo de hoja de cálculo	
http://id.who.int/icd/entity/49044301	Education	Éducation	Source for official translation: https://icd.who.int/browse/2026-01/icf/fr > Info > Fichier du tableur	Educación	Source for official translation: https://icd.who.int/browse/2026-01/icf/es > Información > Archivo de hoja de cálculo	
http://id.who.int/icd/entity/495844982	Muscles of respiration	Muscles respiratoires	Source for official translation: https://icd.who.int/browse/2026-01/icf/fr > Info > Fichier du tableur	Músculos de la respiración	Source for official translation: https://icd.who.int/browse/2026-01/icf/es > Información > Archivo de hoja de cálculo	
http://id.who.int/icd/entity/521411479	Structures of cardiovascular, immunological and respiratory systems	Structures des systèmes cardio-vasculaire, immunitaire et respiratoire	Source for official translation: https://icd.who.int/browse/2026-01/icf/fr > Info > Fichier du tableur	Capítulo 4 estructuras de los sistemas cardiovascular, inmunológico y respiratorio	Source for official translation: https://icd.who.int/browse/2026-01/icf/es > Información > Archivo de hoja de cálculo	
http://id.who.int/icd/entity/524305529	Major life areas	Grands domaines de la vie	Source for official translation: https://icd.who.int/browse/2026-01/icf/fr > Info > Fichier du tableur	Áreas principales de la vida	Source for official translation: https://icd.who.int/browse/2026-01/icf/es > Información > Archivo de hoja de cálculo	
http://id.who.int/icd/entity/539470158	Salivation	Saliver	Source for official translation: https://icd.who.int/browse/2026-01/icf/fr > Info > Fichier du tableur	Salivación	Source for official translation: https://icd.who.int/browse/2026-01/icf/es > Información > Archivo de hoja de cálculo	
http://id.who.int/icd/entity/552193364	Functions related to metabolism and the endocrine system	Fonctions relatives au métabolisme et au système endocrinien	Source for official translation: https://icd.who.int/browse/2026-01/icf/fr > Info > Fichier du tableur	Funciones relacionadas con el metabolismo y el sistema endocrino	Source for official translation: https://icd.who.int/browse/2026-01/icf/es > Información > Archivo de hoja de cálculo	
http://id.who.int/icd/entity/553784299	Drinking	Boire	Source for official translation: https://icd.who.int/browse/2026-01/icf/fr > Info > Fichier du tableur	Beber	Source for official translation: https://icd.who.int/browse/2026-01/icf/es > Información > Archivo de hoja de cálculo	
http://id.who.int/icd/entity/555410497	Walking short distances	Marcher sur de courtes distances	Source for official translation: https://icd.who.int/browse/2026-01/icf/fr > Info > Fichier du tableur	Andar distancias cortas	Source for official translation: https://icd.who.int/browse/2026-01/icf/es > Información > Archivo de hoja de cálculo	
http://id.who.int/icd/entity/556694745	Power of muscles of the trunk	Puissance des muscles du tronc	Source for official translation: https://icd.who.int/browse/2026-01/icf/fr > Info > Fichier du tableur	Fuerza de los músculos del tronco	Source for official translation: https://icd.who.int/browse/2026-01/icf/es > Información > Archivo de hoja de cálculo	
http://id.who.int/icd/entity/567313968	Body functions	Fonctions organiques	Source for official translation: https://icd.who.int/browse/2026-01/icf/fr > Info > Fichier du tableur	Funciones corporales	Source for official translation: https://icd.who.int/browse/2026-01/icf/es > Información > Archivo de hoja de cálculo	
http://id.who.int/icd/entity/576915490	Involuntary movement reaction functions	Fonctions relatives aux réactions motrices involontaires	Source for official translation: https://icd.who.int/browse/2026-01/icf/fr > Info > Fichier du tableur	Funciones relacionadas con los reflejos de movimiento involuntario	Source for official translation: https://icd.who.int/browse/2026-01/icf/es > Información > Archivo de hoja de cálculo	
http://id.who.int/icd/entity/577558794	Pain in body part	Douleur dans une partie du corps	Source for official translation: https://icd.who.int/browse/2026-01/icf/fr > Info > Fichier du tableur	Dolor en una parte del cuerpo	Source for official translation: https://icd.who.int/browse/2026-01/icf/es > Información > Archivo de hoja de cálculo	
http://id.who.int/icd/entity/58064740	Muscles of trunk	Muscles du tronc	Source for official translation: https://icd.who.int/browse/2026-01/icf/fr > Info > Fichier du tableur	Músculos del tronco	Source for official translation: https://icd.who.int/browse/2026-01/icf/es > Información > Archivo de hoja de cálculo	
http://id.who.int/icd/entity/583874291	Managing diet and fitness	Surveiller son régime alimentaire et sa condition physique	Source for official translation: https://icd.who.int/browse/2026-01/icf/fr > Info > Fichier du tableur	Control de la dieta y la forma física	Source for official translation: https://icd.who.int/browse/2026-01/icf/es > Información > Archivo de hoja de cálculo	
http://id.who.int/icd/entity/606087144	Structure of reproductive system	Structure de l'appareil reproducteur	Source for official translation: https://icd.who.int/browse/2026-01/icf/fr > Info > Fichier du tableur	Estructura del sistema reproductor	Source for official translation: https://icd.who.int/browse/2026-01/icf/es > Información > Archivo de hoja de cálculo	
http://id.who.int/icd/entity/608795582	Bones of face	Os de la face	Source for official translation: https://icd.who.int/browse/2026-01/icf/fr > Info > Fichier du tableur	Huesos de la cara	Source for official translation: https://icd.who.int/browse/2026-01/icf/es > Información > Archivo de hoja de cálculo	
http://id.who.int/icd/entity/621727843	Sensation of muscle spasm	Sensation de spasme musculaire	Source for official translation: https://icd.who.int/browse/2026-01/icf/fr > Info > Fichier du tableur	Sensación de espasmo muscular	Source for official translation: https://icd.who.int/browse/2026-01/icf/es > Información > Archivo de hoja de cálculo	
http://id.who.int/icd/entity/623565657	Maintaining a sitting position	Rester assis	Source for official translation: https://icd.who.int/browse/2026-01/icf/fr > Info > Fichier du tableur	Permanecer sentado	Source for official translation: https://icd.who.int/browse/2026-01/icf/es > Información > Archivo de hoja de cálculo	
http://id.who.int/icd/entity/627064928	Movement functions	Fonctions liées au mouvement	Source for official translation: https://icd.who.int/browse/2026-01/icf/fr > Info > Fichier du tableur	Funciones relacionadas con el movimiento	Source for official translation: https://icd.who.int/browse/2026-01/icf/es > Información > Archivo de hoja de cálculo	
http://id.who.int/icd/entity/634949825	Structure of brain	Structure du cerveau	Source for official translation: https://icd.who.int/browse/2026-01/icf/fr > Info > Fichier du tableur	Estructura del cerebro	Source for official translation: https://icd.who.int/browse/2026-01/icf/es > Información > Archivo de hoja de cálculo	
http://id.who.int/icd/entity/640373779	Structure of upper arm	Structure du bras	Source for official translation: https://icd.who.int/browse/2026-01/icf/fr > Info > Fichier du tableur	Estructura del brazo	Source for official translation: https://icd.who.int/browse/2026-01/icf/es > Información > Archivo de hoja de cálculo	
http://id.who.int/icd/entity/644658903	Structures related to movement	Structures liées au mouvement	Source for official translation: https://icd.who.int/browse/2026-01/icf/fr > Info > Fichier du tableur	Capítulo 7 estructuras relacionadas con el movimiento	Source for official translation: https://icd.who.int/browse/2026-01/icf/es > Información > Archivo de hoja de cálculo	
http://id.who.int/icd/entity/682314871	Pain in back	Douleur dans le dos	Source for official translation: https://icd.who.int/browse/2026-01/icf/fr > Info > Fichier du tableur	Dolor en la espalda	Source for official translation: https://icd.who.int/browse/2026-01/icf/es > Información > Archivo de hoja de cálculo	
http://id.who.int/icd/entity/68679181	Vestibular labyrinth	Vestibule	Source for official translation: https://icd.who.int/browse/2026-01/icf/fr > Info > Fichier du tableur	Laberinto vestibular	Source for official translation: https://icd.who.int/browse/2026-01/icf/es > Información > Archivo de hoja de cálculo	
http://id.who.int/icd/entity/691689627	Pharyngeal swallowing	Déglutition pharyngienne	Source for official translation: https://icd.who.int/browse/2026-01/icf/fr > Info > Fichier du tableur	Deglución faríngea	Source for official translation: https://icd.who.int/browse/2026-01/icf/es > Información > Archivo de hoja de cálculo	
http://id.who.int/icd/entity/712447084	Moving around	Se déplacer	Source for official translation: https://icd.who.int/browse/2026-01/icf/fr > Info > Fichier du tableur	Desplazarse por el entorno	Source for official translation: https://icd.who.int/browse/2026-01/icf/es > Información > Archivo de hoja de cálculo	
http://id.who.int/icd/entity/712570723	Voice functions	Fonctions de la voix	Source for official translation: https://icd.who.int/browse/2026-01/icf/fr > Info > Fichier du tableur	Funciones de la voz	Source for official translation: https://icd.who.int/browse/2026-01/icf/es > Información > Archivo de hoja de cálculo	
http://id.who.int/icd/entity/719872561	Functions of the cardiovascular system	Fonctions du système cardiovasculaire	Source for official translation: https://icd.who.int/browse/2026-01/icf/fr > Info > Fichier du tableur	Funciones del sistema cardiovascular	Source for official translation: https://icd.who.int/browse/2026-01/icf/es > Información > Archivo de hoja de cálculo	
http://id.who.int/icd/entity/723417607	Structure of trunk	Structure du tronc	Source for official translation: https://icd.who.int/browse/2026-01/icf/fr > Info > Fichier du tableur	Estructura del tronco	Source for official translation: https://icd.who.int/browse/2026-01/icf/es > Información > Archivo de hoja de cálculo	
http://id.who.int/icd/entity/723665457	Energy and drive functions	Fonctions de l'énergie et des pulsions	Source for official translation: https://icd.who.int/browse/2026-01/icf/fr > Info > Fichier du tableur	Funciones de la energía y de los impulsos	Source for official translation: https://icd.who.int/browse/2026-01/icf/es > Información > Archivo de hoja de cálculo	
http://id.who.int/icd/entity/73014515	Work and employment	Travail et emploi	Source for official translation: https://icd.who.int/browse/2026-01/icf/fr > Info > Fichier du tableur	Trabajo y empleo	Source for official translation: https://icd.who.int/browse/2026-01/icf/es > Información > Archivo de hoja de cálculo	
http://id.who.int/icd/entity/735194884	Purposeful sensory experiences	Perceptions sensorielles intentionnelles	Source for official translation: https://icd.who.int/browse/2026-01/icf/fr > Info > Fichier du tableur	Experiencias sensoriales intencionadas	Source for official translation: https://icd.who.int/browse/2026-01/icf/es > Información > Archivo de hoja de cálculo	
http://id.who.int/icd/entity/744367503	Functions of the respiratory system	Fonctions du système respiratoire	Source for official translation: https://icd.who.int/browse/2026-01/icf/fr > Info > Fichier du tableur	Funciones del sistema respiratorio	Source for official translation: https://icd.who.int/browse/2026-01/icf/es > Información > Archivo de hoja de cálculo	
http://id.who.int/icd/entity/75971722	Reception of spoken language	Réception du langage parlé	Source for official translation: https://icd.who.int/browse/2026-01/icf/fr > Info > Fichier du tableur	Recepción de lenguaje oral	Source for official translation: https://icd.who.int/browse/2026-01/icf/es > Información > Archivo de hoja de cálculo	
http://id.who.int/icd/entity/773343048	Additional functions and sensations of the cardiovascular and respiratory systems	Fonctions et sensations additionnelles des systèmes cardio-vasculaire et respiratoire	Source for official translation: https://icd.who.int/browse/2026-01/icf/fr > Info > Fichier du tableur	Funciones adicionales y sensaciones de los sistemas cardiovascular y respiratorio	Source for official translation: https://icd.who.int/browse/2026-01/icf/es > Información > Archivo de hoja de cálculo	
http://id.who.int/icd/entity/793188683	Muscles of pelvic region	Muscles de la région pelvienne	Source for official translation: https://icd.who.int/browse/2026-01/icf/fr > Info > Fichier du tableur	Músculos de la región pélvica	Source for official translation: https://icd.who.int/browse/2026-01/icf/es > Información > Archivo de hoja de cálculo	
http://id.who.int/icd/entity/822292691	Structure of forearm	Structure de l'avant-bras	Source for official translation: https://icd.who.int/browse/2026-01/icf/fr > Info > Fichier du tableur	Estructura del antebrazo	Source for official translation: https://icd.who.int/browse/2026-01/icf/es > Información > Archivo de hoja de cálculo	
http://id.who.int/icd/entity/826593815	Structures related to the genitourinary and reproductive systems	Structures liées à l'appareil génito-urinaire	Source for official translation: https://icd.who.int/browse/2026-01/icf/fr > Info > Fichier du tableur	Capítulo 6 estructuras relacionadas con el sistema genitourinario y el sistema reproductor	Source for official translation: https://icd.who.int/browse/2026-01/icf/es > Información > Archivo de hoja de cálculo	
http://id.who.int/icd/entity/829058183	Structure of respiratory system	Structure du système respiratoire	Source for official translation: https://icd.who.int/browse/2026-01/icf/fr > Info > Fichier du tableur	Estructura del sistema respiratorio	Source for official translation: https://icd.who.int/browse/2026-01/icf/es > Información > Archivo de hoja de cálculo	
http://id.who.int/icd/entity/834607195	Heart	Cœur	Source for official translation: https://icd.who.int/browse/2026-01/icf/fr > Info > Fichier du tableur	Corazón	Source for official translation: https://icd.who.int/browse/2026-01/icf/es > Información > Archivo de hoja de cálculo	
http://id.who.int/icd/entity/841397411	Sensation of muscle stiffness	Sensation de raideur musculaire	Source for official translation: https://icd.who.int/browse/2026-01/icf/fr > Info > Fichier du tableur	Sensación de rigidez muscular	Source for official translation: https://icd.who.int/browse/2026-01/icf/es > Información > Archivo de hoja de cálculo	
http://id.who.int/icd/entity/848997900	Seeing functions	Fonctions visuelles	Source for official translation: https://icd.who.int/browse/2026-01/icf/fr > Info > Fichier du tableur	Funciones visuales	Source for official translation: https://icd.who.int/browse/2026-01/icf/es > Información > Archivo de hoja de cálculo	
http://id.who.int/icd/entity/850289698	Functions of the digestive, metabolic and endocrine systems	Fonctions des systèmes digestif, métabolique et endocrinien	Source for official translation: https://icd.who.int/browse/2026-01/icf/fr > Info > Fichier du tableur	Funciones de los sistemas digestivo, metabólico y endocrino	Source for official translation: https://icd.who.int/browse/2026-01/icf/es > Información > Archivo de hoja de cálculo	
http://id.who.int/icd/entity/855039967	Sitting	S'asseoir	Source for official translation: https://icd.who.int/browse/2026-01/icf/fr > Info > Fichier du tableur	Sentarse	Source for official translation: https://icd.who.int/browse/2026-01/icf/es > Información > Archivo de hoja de cálculo	
http://id.who.int/icd/entity/859818654	Penis, testes and scrotum development	Développement du pénis, des testicules et du scrotum	Source for official translation: https://icd.who.int/browse/2026-01/icf/fr > Info > Fichier du tableur	Desarrollo del pene, los testículos y el escroto	Source for official translation: https://icd.who.int/browse/2026-01/icf/es > Información > Archivo de hoja de cálculo	
http://id.who.int/icd/entity/862003070	Bones of cranium	Os du crâne	Source for official translation: https://icd.who.int/browse/2026-01/icf/fr > Info > Fichier du tableur	Huesos del cráneo	Source for official translation: https://icd.who.int/browse/2026-01/icf/es > Información > Archivo de hoja de cálculo	
http://id.who.int/icd/entity/862066979	Weight maintenance functions	Fonctions de maintien du poids	Source for official translation: https://icd.who.int/browse/2026-01/icf/fr > Info > Fichier du tableur	Funciones relacionadas con el mantenimiento del peso	Source for official translation: https://icd.who.int/browse/2026-01/icf/es > Información > Archivo de hoja de cálculo	
http://id.who.int/icd/entity/870135798	Lungs	Poumons	Source for official translation: https://icd.who.int/browse/2026-01/icf/fr > Info > Fichier du tableur	Pulmones	Source for official translation: https://icd.who.int/browse/2026-01/icf/es > Información > Archivo de hoja de cálculo	
http://id.who.int/icd/entity/871682135	Preparing meals	Préparer les repas	Source for official translation: https://icd.who.int/browse/2026-01/icf/fr > Info > Fichier du tableur	Preparar comidas	Source for official translation: https://icd.who.int/browse/2026-01/icf/es > Información > Archivo de hoja de cálculo	
http://id.who.int/icd/entity/882590883	Global mental functions	Fonctions mentales globales	Source for official translation: https://icd.who.int/browse/2026-01/icf/fr > Info > Fichier du tableur	Funciones mentales globales	Source for official translation: https://icd.who.int/browse/2026-01/icf/es > Información > Archivo de hoja de cálculo	
http://id.who.int/icd/entity/890173921	Seeing and related functions	Fonctions visuelles et fonctions connexes	Source for official translation: https://icd.who.int/browse/2026-01/icf/fr > Info > Fichier du tableur	Visión y funciones relacionadas	Source for official translation: https://icd.who.int/browse/2026-01/icf/es > Información > Archivo de hoja de cálculo	
http://id.who.int/icd/entity/893697482	Generalized pain	Douleur généralisée	Source for official translation: https://icd.who.int/browse/2026-01/icf/fr > Info > Fichier du tableur	Dolor generalizado	Source for official translation: https://icd.who.int/browse/2026-01/icf/es > Información > Archivo de hoja de cálculo	
http://id.who.int/icd/entity/894218497	Sensation of pain	Sensation de douleur	Source for official translation: https://icd.who.int/browse/2026-01/icf/fr > Info > Fichier du tableur	Sensación de dolor	Source for official translation: https://icd.who.int/browse/2026-01/icf/es > Información > Archivo de hoja de cálculo	
http://id.who.int/icd/entity/902262669	Extra-articular ligaments, fasciae, extramuscular aponeuroses, retinacula, septa, bursae, unspecified	Ligaments extra-articulaires, fascia, aponévrose extra-musculaire, retinaculum, cloisons, bourses séreuses, non précisés	Source for official translation: https://icd.who.int/browse/2026-01/icf/fr > Info > Fichier du tableur	Ligamentos extra-articulares, fascias, aponeurosis extramuscular, septums, bursas, no especificado	Source for official translation: https://icd.who.int/browse/2026-01/icf/es > Información > Archivo de hoja de cálculo	
http://id.who.int/icd/entity/909196092	Communicating producing	Communiquer produire des messages	Source for official translation: https://icd.who.int/browse/2026-01/icf/fr > Info > Fichier du tableur	Comunicación producción	Source for official translation: https://icd.who.int/browse/2026-01/icf/es > Información > Archivo de hoja de cálculo	
http://id.who.int/icd/entity/919003335	Crawling	Ramper	Source for official translation: https://icd.who.int/browse/2026-01/icf/fr > Info > Fichier du tableur	Arrastrarse	Source for official translation: https://icd.who.int/browse/2026-01/icf/es > Información > Archivo de hoja de cálculo	
http://id.who.int/icd/entity/923782542	Swallowing	Déglutir	Source for official translation: https://icd.who.int/browse/2026-01/icf/fr > Info > Fichier du tableur	Tragar	Source for official translation: https://icd.who.int/browse/2026-01/icf/es > Información > Archivo de hoja de cálculo	
http://id.who.int/icd/entity/925451085	Endocrine gland functions	Fonctions des glandes endocrines	Source for official translation: https://icd.who.int/browse/2026-01/icf/fr > Info > Fichier du tableur	Funciones de las glándulas endocrinas	Source for official translation: https://icd.who.int/browse/2026-01/icf/es > Información > Archivo de hoja de cálculo	
http://id.who.int/icd/entity/933576740	Structure of ankle and foot	Structure de la cheville et pied	Source for official translation: https://icd.who.int/browse/2026-01/icf/fr > Info > Fichier du tableur	Estructura del tobillo y pie	Source for official translation: https://icd.who.int/browse/2026-01/icf/es > Información > Archivo de hoja de cálculo	
http://id.who.int/icd/entity/982325691	Interpersonal interactions and relationships	Relations et interactions avec autrui	Source for official translation: https://icd.who.int/browse/2026-01/icf/fr > Info > Fichier du tableur	Interacciones y relaciones interpersonales	Source for official translation: https://icd.who.int/browse/2026-01/icf/es > Información > Archivo de hoja de cálculo	
