ID,Label,Label FR,Label ES,Definition,Definition,Definition,Commentaire,Commentaire,Definition Source,See Also,Editor,Type,Parent Class,Disjoint Class,Equivalent Class,Domain,Range,Individual has value
ID,A rdfs:label,AL rdfs:label@fr,AL rdfs:label@es,A IAO:0000115,AL IAO:0000115@fr,AL IAO:0000115@es,A rdfs:comment,A rdfs:comment,>A IAO:0000119,AI rdfs:seeAlso,A IAO:0000117,TYPE,SC % SPLIT=|,DC %,EC %,DOMAIN,RANGE,TI SIO:000300 exactly %
BFO:0000002,,,,,,,,,,,,,,,,,,
BFO:0000015,,,,,,,,,,,,,,,,,,
BFO:0000019,,,,,,,,,,,,,,,,,,
BFO:0000028,,,,,,,,,,,,,,,,,,
BFO:0000030,,,,,,,,,,,,,,,,,,
BFO:0000034,,,,,,,,,,,,,,,,,,
BFO:0000040,,,,,,,,,,,,,,,,,,
WHOFIC:567313968,,,,,,,,,,,,,BFO:0000034|(SIO:000217 some WHOFIC:1437901287),,,,,
WHOFIC:1626363729,,,,,,,,,,,,,BFO:0000028|(SIO:000217 some WHOFIC:437219407)|(SIO:000217 some WHOFIC:524499668),,,,,
WHOFIC:423829389,,,,,,,,,,,,,BFO:0000019,,,,,
WHOFIC:1394728112,,,,,,,,,,,,,BFO:0000015|(SIO:000217 some WHOFIC:1280021050)|(SIO:000217 some WHOFIC:591104711),,,,,
WHOFIC:1280021050,,,,,,,,,,,,,(SIO:000218 some WHOFIC:1394728112),,,,,
WHOFIC:591104711,,,,,,,,,,,,,(SIO:000218 some WHOFIC:1394728112),,,,,
WHOFIC:524499668,,,,,,,,,,,,,(SIO:000218 some WHOFIC:1626363729),,,,,
WHOFIC:437219407,,,,,,,,,,,,,(SIO:000218 some FMA:62955)|(SIO:000218 some WHOFIC:1626363729),,,,,
WHOFIC:1437901287,,,,,,,,,,,,,(SIO:000218 some WHOFIC:567313968),,,,,
MONDO:0000001,,maladie,enfermedad,,,,JP: Translated to spanish using Bing Translator,,,,,,PROMOT:8000001|(RO:0004029 some HP:0000118)|(RO:0004003 some PROMOT:0000001),,,,,
FMA:62955,,,,,,,,,,,,,BFO:0000040,,,,,
FMA:5022,,,,,,,,,,,,,FMA:62955,,,,,
FMA:7490,,,,,,,,,,,,,FMA:62955,,,,,
FMA:50188,,,,,,,,,,,,,FMA:62955,,,,,
SIO:000218,,,,,,,,,,,,Object property,,,,,,
SIO:010057,,,,,,,,,,,,,SIO:000475|(SIO:000218 some PROMOT:3000001) or (SIO:000218 some SNOMED:125679009),,,,,
SIO:000217,,,,,,,,,,,,Object property,,,,,,
SIO:000475,,,,,,,,,,,,,BFO:0000019,,,,,
SIO:001268,,,,,,,,,,,,,SIO:000475|(SIO:000218 some PROMOT:0000001),,,,,
RO:0004029,,,,,,,,,,,,Object property,,,,,,
RO:0004003,,,,,,,,,,,,Object property,,,,,,
RO:0002201,,,,,,,,,,,,Object property,,,,,,
RO:0002351,,,,,,,,,,,,Object property,,,,PROMOT:4000001,,
HP:0000118,,,,,,,,,,,,,PROMOT:8000001|(RO:0002201 some PROMOT:3000001)|(SIO:000217 some PROMOT:6000001),,,,,
HP:0012823,,,,,,,,,,,,,BFO:0000019|(SIO:000218 some HP:0000118),,,,,
HP:0025280,,,,,,,,,,,,,HP:0012823,,,,,
HP:0012824,,,,,,,,,,,,,HP:0012823,,,,,
SCDO:1000194,,,,,,,,,,,,Object property,,,,,,
SNOMED:128927009,,,,,,,,,,,,,BFO:0000015|(PROMOT:2000003 some PROMOT:3000001),,,,,
SNOMED:360296002,,,,,,,,,,,,,BFO:0000030|(PROMOT:2000002 some PROMOT:3000001),,,,,
SNOMED:224899006,,,,,,,,,,,,,SNOMED:360296002,,,,,
SNOMED:183135000,,,,,,,,,,,,,BFO:0000030,,,,,
SNOMED:302147001,,,,,,,,,,,,,,,,,,
SNOMED:224076006,,,,,,,,,,,,,SNOMED:302147001,,,,,
SNOMED:184099003,,,,,,,,,,,,,,,,,,
SNOMED:125678001,,,,,,,,,,,,,SNOMED:125679009,,,,,
SNOMED:78272007,,,,,,,,,,,,,SNOMED:125679009,,,,,
SNOMED:21093007,,,,,,,,,,,,,SNOMED:125679009,,,,,
SNOMED:363787002,,,,,,,,,,,,,IAO:0000030,,,,,
SNOMED:125679009,,,,,,,,,,,,,NCBITaxon:9606|(BIOLINK:related_to some PROMOT:3000001)|(SIO:000217 some SIO:010057),,,,,
NCBITaxon:9606,,,,,,,,,,,,,(SIO:000217 some SIO:010057),,,,,
VO:0001039,,,,,,,,,,,,Object property,,,,,,
IAO:0000030,,,,,,,,,,,,,BFO:0000031,,,,,
OBI:0100026,,,,,,,,,,,,,BFO:0000040,,,,,
SNOMED:33821000087103,,,,,,,,,,,,,SNOMED:302147001,,,,,
SNOMED:57427004,,,,,,,,,,,,,SNOMED:363787002,,,,,
SNOMED:184099003,,,,,,,,,,,,,SNOMED:302147001,,,,,
SNOMED:125680007,,,,,,,,,,,,,SNOMED:302147001,,,,,
HP:0032316,,,,,,,,,,,,,IAO:0000030,,,,,
SNOMED:128927009,,,,,,,,,,,,,BFO:0000015,,,,,
SNOMED:84100007,,,,,,,,,,,,,SNOMED:128927009,,,,,
SNOMED:5880005,,,,,,,,,,,,,SNOMED:128927009,,,,,
SNOMED:315306007,,,,,,,,,,,,,SNOMED:128927009,,,,,
SNOMED:12894003,,,,,,,,,,,,,SNOMED:315306007,,,,,
SNOMED:840297006,,,,,,,,,,,,,SNOMED:315306007,,,,,
SNOMED:443227006,,,,,,,,,,,,,SNOMED:840297006,,,,,
SNOMED:717317000,,,,,,,,,,,,,SNOMED:840297006,,,,,
SNOMED:445587006,,,,,,,,,,,,,SNOMED:840297006,,,,,
SNOMED:252478000,,,,,,,,,,,,,SNOMED:12894003,,,,,
SNOMED:431527001,,,,,,,,,,,,,SNOMED:12894003,,,,,
SNOMED:445993006,,,,,,,,,,,,,SNOMED:12894003,,,,,
SNOMED:252482003,,,,,,,,,,,,,SNOMED:12894003,,,,,
SNOMED:404932006,,,,,,,,,,,,,SNOMED:12894003,,,,,
SNOMED:450737006,,,,,,,,,,,,,SNOMED:12894003,,,,,
SNOMED:58938008,,,,,,,,,,,,,SNOMED:360296002,,,,,
SNOMED:27113001,,,,,,,,,,,,,SNOMED:363787002,,,,,
SNOMED:1153637007,,,,,,,,,,,,,SNOMED:363787002,,,,,
SNOMED:60621009,,,,,,,,,,,,,SNOMED:363787002,,,,,
SNOMED:27113001,,,,,,,,,,,,,SNOMED:363787002,,,,,
SNOMED:1153637007,,,,,,,,,,,,,SNOMED:363787002,,,,,
SNOMED:186034007,,,,,,,,"Ongoing discussion, needs legal advise/approval",,,,,,,,,,
BIOLINK:affects,affects,affecte,afecta,Describes an entity that has an effect on the state or quality of another existing entity.,Une relation entre deux entités où la première a un impact sur l’état ou une qualité de la seconde entité.,Una relación entre dos entidades donde la primera tiene un impacto en el estado o una calidad de la segunda entidad. ,JP: Translated to spanish using Bing Translator,To replace by affects SIO?,https://bioportal.bioontology.org/ontologies/BIOLINK,https://biolink.github.io/biolink-model/,,Object property,,,,,,
BIOLINK:related_to,related to,a un lien avec,está relacionado con,A relationship that is asserted between two named things,Une relation entre deux entités.,Una relación entre dos entidades. ,JP: Translated to spanish using Bing Translator,,https://bioportal.bioontology.org/ontologies/BIOLINK,https://biolink.github.io/biolink-model/,,Object property,,,,,,
PROMOT:0000001,Genetic mutation,mutation génetique,mutación genética ,A sequence alteration that is very rare allele in a population.,Une altération génétique qui est rare dans une population.,Una alteración genética que es rara en una población. ,JP: Translated to spanish using Bing Translator,,GENO:0000492,Gene Ontology Resource ,Juliette Potier,,BFO:0000002|(SIO:000217 some SIO:001268)|(RO:0004013 some MONDO:0000001),,,,,
PROMOT:0000002,PABPN1 mutation,mutation du gène PABPN1,mutación del gen PAPBN1,A sequence alteration located within the PABPN1 gene,Une altération génétique située au niveau du gène PABPN1.,Una alteración genética ubicada en el gen PABPN1. ,JP: Translated to spanish using Bing Translator,Related to oculopharyngeal muscular dystrophy,,,Juliette Potier,,PROMOT:0000001,,,,,
PROMOT:0000003,RYR1 mutation,mutation du gène RYR1,mutación del gen RYR1,A sequence alteration located within the RYR1 gene,Une altération génétique située au niveau du gène RYR1.,Una alteración genética ubicada en el gen RYR1. ,JP: Translated to spanish using Bing Translator,Related to congenital myopathies,,,Juliette Potier,,PROMOT:0000001,,,,,
PROMOT:0000004,TTN mutation,mutation du gène TTN,mutación del gen TTN,A sequence alteration located within the TTN gene,Une altération génétique située au niveau du gène TTN.,Una alteración genética ubicada en el gen TTN. ,JP: Translated to spanish using Bing Translator,Related to congenital myopathies,,,Juliette Potier,,PROMOT:0000001,,,,,
PROMOT:0000005,NEB mutation,mutation du gène NEB,mutación del gen NEB,A sequence alteration located within the NEB gene,Une altération génétique située au niveau du gène NEB.,Una alteración genética ubicada en el gen NEB. ,JP: Translated to spanish using Bing Translator,Related to congenital myopathies,,,Juliette Potier,,PROMOT:0000001,,,,,
PROMOT:0000006,MTM1 mutation,mutation du gène NMTM1,mutación del gen NMTM1,A sequence alteration located within the MTM1 gene,Une altération génétique située au niveau du gène MTM1.,Una alteración genética ubicada en el gen MTM1. ,JP: Translated to spanish using Bing Translator,Related to congenital myopathies,,,Juliette Potier,,PROMOT:0000001,,,,,
PROMOT:0000007,ACTA1 mutation,mutation du gène ACTA1,mutación del gen ACTA1,A sequence alteration located within the ACTA1 gene,Une altération génétique située au niveau du gène ACTA1.,Una alteración genética ubicada en el gen ACTA1. ,JP: Translated to spanish using Bing Translator,Related to congenital myopathies,,,Juliette Potier,,PROMOT:0000001,,,,,
PROMOT:0000008,SELENON mutation,mutation du gène SELENON,mutación del gen SELENON,A sequence alteration located within the SELENON gene,Une altération génétique située au niveau du gène SELENON.,Una alteración genética ubicada en el gen SELENON. ,JP: Translated to spanish using Bing Translator,Related to congenital myopathies,,,Juliette Potier,,PROMOT:0000001,,,,,
PROMOT:0000009,CHRNE mutation,mutation du gène CHRNE,mutación del gen CHRNE,A sequence alteration located within the CHRNE gene,Une altération génétique située au niveau du gène CHRNE.,Una alteración genética ubicada en el gen CHRNE. ,JP: Translated to spanish using Bing Translator,Related to congenital myasthenic syndromes,,,Juliette Potier,,PROMOT:0000001,,,,,
PROMOT:0000010,DOK7 mutation,mutation du gène DOK7,mutación del gen DOK7,A sequence alteration located within the DOK7 gene,Une altération génétique située au niveau du gène DOK7.,Una alteración genética ubicada en el gen DOK7. ,JP: Translated to spanish using Bing Translator,Related to congenital myasthenic syndromes,,,Juliette Potier,,PROMOT:0000001,,,,,
PROMOT:0000011,COLQ mutation,mutation du gène COLQ,mutación del gen COLQ,A sequence alteration located within the COLQ gene,Une altération génétique située au niveau du gène COLQ.,Una alteración genética ubicada en el gen COLQ. ,JP: Translated to spanish using Bing Translator,Related to congenital myasthenic syndromes,,,Juliette Potier,,PROMOT:0000001,,,,,
PROMOT:0000012,RAPSN mutation,mutation du gène RAPSN,mutación del gen RAPSN,A sequence alteration located within the RAPSN gene,Une altération génétique située au niveau du gène RAPSN.,Una alteración genética ubicada en el gen RAPSN. ,JP: Translated to spanish using Bing Translator,Related to congenital myasthenic syndromes,,,Juliette Potier,,PROMOT:0000001,,,,,
PROMOT:0000013,GFPT1 mutation,mutation du gène GFPT1,mutación del gen GFPT1,A sequence alteration located within the GFPT1 gene,Une altération génétique située au niveau du gène GFPT1.,Una alteración genética ubicada en el gen GFPT1. ,JP: Translated to spanish using Bing Translator,Related to congenital myasthenic syndromes,,,Juliette Potier,,PROMOT:0000001,,,,,
PROMOT:0000014,GMPPB mutation,mutation du gène GMPPB,mutación del gen GMPPB,A sequence alteration located within the GMPPB gene,Une altération génétique située au niveau du gène GMPPB.,Una alteración genética ubicada en el gen GMPPB. ,JP: Translated to spanish using Bing Translator,Related to congenital myasthenic syndromes,,,Juliette Potier,,PROMOT:0000001,,,,,
PROMOT:1000001,found in,Est trouvé avec,encontrado gracias a ,Indicates the source from which we found the class.,L’annotation indique la source qui justifie la présence de la classe dans le modèle.,La anotación indica la fuente que justifica la presencia de la clase en el modelo. ,JP: Translated to spanish using Bing Translator,,,,Juliette Potier,Annotation property,,,,,xsd:string,
PROMOT:2000001,is location of,est la localisation de,es la localización de ,"A relation between a phenotypically related anatomical entity and a phenotype, where the phenotype is located in the phenotypically related anatomical entity.",Une relation entre une entité anatomique et un phénotype où le phénotype est localisé au niveau de l’entité anatomique.,Una relación entre una entidad anatómica y un fenotipo donde el fenotipo está localizado en el nivel de la entidad anatómica. ,JP: Translated to spanish using Bing Translator,,,,Juliette Potier,Object property,,,,PROMOT:7000001,HP:0000118,
PROMOT:2000002,is used by,est utilisé par,es utilizado por ,"A relation between a device and a patient, where the patient uses an assistive equipment in order to move or to accomplish something, such as a task or an activity.","Une relation entre un appareil et un patient où le patient utilise l’appareil pour se déplacer, effectuer une action ou une activité.","Una relación entre un dispositivo y un paciente donde el paciente utiliza el dispositivo para moverse, realizar una acción o una actividad. ",JP: Translated to spanish using Bing Translator,,,,Juliette Potier,Object property,,,,SNOMED:360296002,PROMOT:3000001,
PROMOT:2000003,assesses,évalue,evalúa ,"A relation between an evaluation procedure and a patient, where the patient is assessed by an evaluation procedure, such as a test, a questionnaire or a scale.","Une relation entre une procédure et un patient où la procédure évalue le patient au moyen, par exemple, d’un test, d’un questionnaire ou d’une échelle.","Una relación entre un procedimiento y un paciente donde el procedimiento evalúa al paciente mediante, por ejemplo, una prueba, un cuestionario o una escala. ",JP: Translated to spanish using Bing Translator,,,,Juliette Potier,Object property,,,,SNOMED:386053000,PROMOT:3000001,
PROMOT:3000001,Patient,Patient,Paciente ,A patient.,Un patient,un paciente ,JP: Translated to spanish using Bing Translator,,,,Juliette Potier,,NCBITaxon:9606|(VO:0001039 some PROMOT:0000001)|(SIO:000217 some SIO:010057),,,,,
PROMOT:3100001,Medication,Médicament,medicamento ,"A medicine, substance or active composition given to an organism for therapeutic purposes. ","Un médicament, une substance ou composé actifs donné à un organisme à des fins thérapeutiques.","Un medicamento, una sustancia o compuesto activo administrado a un organismo con fines terapéuticos. ",JP: Translated to spanish using Bing Translator,,,,Juliette Potier,,BFO:0000030,,,,,
PROMOT:4000001,Statement,énoncé au sujet d’une entité,declaración sobre una entidad ,A statement about an entity such as a person or an process to state details about them.,Un énoncé au sujet d’une entité telle qu’une personne ou un processus qui apporte des informations à leur sujet.,Una declaración sobre una entidad como una persona o un proceso que brinda información sobre ellos. ,JP: Translated to spanish using Bing Translator,,,,Juliette Potier,,IAO:0000030,,,,,
PROMOT:4100001,Patient statement,énoncé concernant un patient,declaración sobre un paciente,A statement regarding a patient to state details about them.,Un énoncé au sujet d’un patient qui apporte des informations à son sujet.,Una declaración sobre un paciente que aporta información sobre él. ,JP: Translated to spanish using Bing Translator,,,,Juliette Potier,,PROMOT:4600001,,,,,
PROMOT:4200001,Phenotype statement,énoncé concernant un phénotype,declaración sobre un fenotipo,A statement regarding a phenotype to state details about it.,Un énoncé au sujet d’un phénotype qui apporte des informations à son sujet.,Una declaración sobre un fenotipo que aporta información sobre él. ,JP: Translated to spanish using Bing Translator,,,"BIH-CEI rd-cdm: Repo for the ontology-based rare disease common data model harmonising international registry use, FHIR, and Phenopackets ",Juliette Potier,,PROMOT:4000001,,,,,
PROMOT:4200004,Date of resolution,date de résolution,Fecha de resolución ,The date when an abnormal disposition disapears such as a disease or a phenotypic abnormality.,"Une date à laquelle une disposition anormale, telle qu’une maladie ou un phénotype, cesse d’exister. ","Une date à laquelle une disposition anormale, telle qu’une maladie ou un phénotype, cesse d’exister. ",JP: Translated to spanish using Bing Translator,,,,Juliette Potier,,SNOMED:363787002,,,,,
PROMOT:4200007,Evidence statement,,,UNSURE: TO CHANGE,UNSURE: TO CHANGE,,,,,,Juliette Potier,,PROMOT:4200001,,,,,
PROMOT:4300001,Procedure statement,,,A statement regarding a procedure to describe it.,Un énoncé au sujet d’un processus qui apporte des informations à son sujet.,Una declaración sobre un proceso que aporta información sobre él. ,JP: Translated to spanish using Bing Translator,,,,Juliette Potier,,PROMOT:4000001,,,,,
PROMOT:4300004,Result of procedure statement,,,A statement regarding the result of procedure.,UNSURE: TO CHANGE,,,,,,Juliette Potier,,PROMOT:4300001,,,,,
PROMOT:4400001,Relative statement,Énoncé concernant un proche d’un patient,Declaración sobre un cercano del paciente ,A statement regarding a patient’s relative,Un énoncé au sujet d’un proche d’un patient qui apporte des informations à son sujet.,Una declaración sobre un familiar de un paciente que aporta información sobre él. ,JP: Translated to spanish using Bing Translator,,,,Juliette Potier,,PROMOT:4600001|(RO:0002351 some SNOMED:125679009),,,,,
PROMOT:4500001,Medication statement,Énoncé concernant un médicament,Declaración sobre un medicamento,A statement regarding a medication.,UNSURE: TO CHANGE,,,,,,Juliette Potier,,PROMOT:4000001,,,,,
PROMOT:4600001,Human statement,Énoncé concernant un être humain,Declaración sobre un ser humano,A statement that describe a human.,Un énoncé au sujet d’un être humain qui apporte des informations à son sujet.,,,,,,Juliette Potier,,PROMOT:4000001,,,,,
PROMOT:5000001,Patient identifier,identifiant d’un patient,,An information content entity that is used to refer to one instance of a patient.,Une entité portant une information qui réfère à une seule instance de patient.,,,,,,Juliette Potier,,IAO:0000030,,,,,
PROMOT:6000001,presence qualifier,Qualité qualifiant l’existance d’une entité,,"A qualifier for stating the presence, absence or uncertainty of a phenotype instance.","Un qualité qui statue de la présence, de l’absence ou de l’incertitude de l’existence d’un phénotype.",,,,,,Juliette Potier,,BFO:0000019|(SIO:000218 some HP:0000118),,,,,
PROMOT:6000002,absent,absent,,A qualifier for an instance of a phenotype which is absent.,Une qualité qui statue de l’absence d’un phénotype.,,,,,,Juliette Potier,,PROMOT:6000001,,,,,
PROMOT:6000003,present,présent,,Qualifies an instance of a phenotype as present.,Une qualité qui statue de la présence d’un phénotype.,,,,,,Juliette Potier,,PROMOT:6000001,,,,,
PROMOT:6000004,unsure,incertain,,Qualifies an instance of a phenotype as unsure.,Une qualité qui statue de l’incertitude de la présence ou non d’un phénotype.,,,,,,Juliette Potier,,PROMOT:6000001,,,,,
PROMOT:7000001,Phenotypically related anatomical entity,Entité anatomique liée à un phénotype,entidad anatómica relacionada con un fenotipo ,An anatomical entity related to a phenotype such that the anatomical entity is the location of the phenotype.,,,,"(JP : unsure, attention au lien avec les body structures)",,,"Paul Fabry, Juliette Potier",,FMA:62955|(PROMOT:2000001 some HP:0000118)|(BIOLINK:related_to some WHOFIC:1626363729),,(FMA:62955 and (PROMOT:2000001 some HP:0000118)),,,
PROMOT:7000002,Phenotypically related body structure,Structure anatomique liée à un phénotype,estructura corporala relacionada con un fenotipo ,A body structure related to a phenotype such that the body structure is the location of the phenotype.,,,,(JP: unsure about definition),,,"Paul Fabry, Juliette Potier",,WHOFIC:1626363729|(BIOLINK:related_to some HP:0000118),,(WHOFIC:1626363729 and (BIOLINK:related_to some HP:0000118)),,,
PROMOT:7000003,Phenotypically related body function,Fonction organique liée à un phénotype,función corporala relacionada con un fenotipo ,A body function related to a phenotype such that the body function is impacted by the phenotype existence.,,,,(JP: unsure about definition),,,"Paul Fabry, Juliette Potier",,WHOFIC:567313968|(BIOLINK:related_to some HP:0000118),,(WHOFIC:567313968 and (BIOLINK:related_to some HP:0000118)),,,
PROMOT:7000004,Activity related body structure,Structure anatomique liée à une activité ou une participation,estructura corporala relacionada con un fenotipo ,Body structure that affects an activity or a participation.,Une structure anatomique qui est impliquée dans une activité ou participation.,,,,,,Juliette Potier,,WHOFIC:1626363729|(BIOLINK:affects some WHOFIC:1394728112),,(WHOFIC:1626363729 and (BIOLINK:affects some WHOFIC:1394728112)),,,
PROMOT:7000005,Activity related body function,Fonction organique liée à une activité ou une participation,función corporala relacionada con un fenotipo ,Body function that affects an activity or a participation.,Une fonction organique qui est impliquée dans une activité ou participation.,,,,,,Juliette Potier,,WHOFIC:567313968|(BIOLINK:affects some WHOFIC:1394728112),,(WHOFIC:567313968 and (BIOLINK:affects some WHOFIC:1394728112)),,,
PROMOT:8000001,Abnormal disposition,Disposition anormale,disposición anormal ,"A disposition that differs from the norm, such as a disease or a phenotypic abnormality","Une disposition qui dévie de la norme, comme une maladie ou une anormalité phénotypique,",,,(to validate),,,Juliette Potier,,BFO:0000016,,,,,
PROMOT:8000002,unkown life status,état vital inconnu,,A life status that is unkown.,Un état vital inconnu.,,,,,,Juliette Potier,,,,,,,
PROMOT:8000003,unknown,inconnu,,UNSURE : TO CHANGE INTO QUALIFIERS,,,,,,,,,,,,,,
PROMOT:9000001,Sex at birth,Sexe à la naissance,,Anatomical sex at birth,Le sexe anatomique à la naissance,,,"Graefe, A.S.L., Hübner, M.R., Rehburg, F. et al. An ontology-based rare disease common data model harmonising international registries, FHIR, and Phenopackets. Sci Data 12, 234 (2025). https://doi.org/10.1038/s41597-025-04558-z",,,Juliette Potier,,SNOMED:363787002,,,,,
PROMOT:9000002,Female sex at birth,,,Anatomical sex stated as female at birth.,Un sexe anatomique déclaré féminin à la naissance,,,,,,Juliette Potier,,PROMOT:9000001,,,,,
PROMOT:9000003,Male sex at birth,,,Anatomical sex stated as male at birth.,Un sexe anatomique déclaré masculin à la naissance,,,,,,Juliette Potier,,PROMOT:9000001,,,,,
PROMOT:9000004,Patient sex at birth unknown,,,Anatomical sex at birth unkown.,,,,,,,Juliette Potier,,PROMOT:9000001,,,,,
PROMOT:9000005,Intersex at birth,Sexe intersexe à la naissance,,Anatomical sex stated as intersex at birth.,Un sexe anatomique déclaré intersexe à la naissance,,,,,,Juliette Potier,,PROMOT:9000001,,,,,
PROMOT:9000006,Sex at birth not recorded,,,Sex not recorded at birth.,,,,UNSURE : not really a class,,,Juliette Potier,,PROMOT:9000001,,,,,
PROMOT:9000007,Karyotypic Sex,Sexe karyotypique,sexo cariotípico ,One or several chromosomes that are implicated in an individual sex determination also known as gonosomes or sex-chromosomes.,"Un ou plusieurs chromosomes qui sont impliqués dans le processus de determination du sexe d’un individu, aussi nommés gonosomes.","Uno o varios cromosomas que están implicados en el proceso de determinación del sexo de un individuo, también llamados gonosomas. ",JP: Translated to spanish using Bing Translator,"Graefe, A.S.L., Hübner, M.R., Rehburg, F. et al. An ontology-based rare disease common data model harmonising international registries, FHIR, and Phenopackets. Sci Data 12, 234 (2025). https://doi.org/10.1038/s41597-025-04558-z",,,Juliette Potier,,SNOMED:363787002,,,,,
PROMOT:9000008,Karyotypic sex unknown,Sexe karyotypique inconnu,,,,,,,,,,,PROMOT:9000007,,,,,
PROMOT:9000009,XX,,,A pair of two chromosomes X.,Une paire de deux chromosomes X.,Un par de dos cromosomas X.,JP: Translated to spanish using Bing Translator,,,,Juliette Potier,,PROMOT:9000007,,,,,
PROMOT:9000010,XY,,,A pair of one chromosome X and one chromosome Y.,Une paire de chromosomes constituée d’un chromosome X et d’un chromosome Y.,Un par de cromosomas compuesto por un cromosoma X y un cromosoma Y. ,JP: Translated to spanish using Bing Translator,,,,Juliette Potier,,PROMOT:9000007,,,,,
PROMOT:9000011,X0,,,A chromosome X alone.,Un chromosome X isolé.,Un cromosoma X aislado. ,JP: Translated to spanish using Bing Translator,,,,Juliette Potier,,PROMOT:9000007,,,,,
PROMOT:9000012,XXY,,,A trisomy constiting of two chromosomes X and one chromosome Y.,Une trisomie constituée de deux chromosomes X et d’un chromosome Y.,Una trisomía compuesta por dos cromosomas X y un cromosoma Y. ,JP: Translated to spanish using Bing Translator,,,,Juliette Potier,,PROMOT:9000007,,,,,
PROMOT:9000013,XXX,,,A trisomy consisting of three chromosomes X.,Une trisomie constituée de trois chromosomes X.,Una trisomía compuesta de tres cromosomas X. ,JP: Translated to spanish using Bing Translator,,,,Juliette Potier,,PROMOT:9000007,,,,,
PROMOT:9000014,XXYY,,,A quadrisomy consisting of two chromosomes X and two chromosomes Y.,Une quadrisomie constituée de deux chromosomes X et de deux chromosomes Y.,Una cuadrisomía compuesta por dos cromosomas X y dos cromosomas Y. ,JP: Translated to spanish using Bing Translator,,,,Juliette Potier,,PROMOT:9000007,,,,,
PROMOT:9000015,XXXY,,,A quadrisomy consisting of three chromosomes X and one chromosome Y.,Une quadrisomie constituée de trois chromosomes X et d’un chromosome Y.,Una cuadrisomía compuesta por tres cromosomas X y un cromosoma Y. ,JP: Translated to spanish using Bing Translator,,,,Juliette Potier,,PROMOT:9000007,,,,,
PROMOT:9000016,XXXX,,,A quadrisomy consisting of four chromosomes X.,Une quadrisomie constituée de quatre chromosomes X.,Una cuadrisomía que consiste en cuatro cromosomas X. ,JP: Translated to spanish using Bing Translator,,,,Juliette Potier,,PROMOT:9000007,,,,,
PROMOT:9000017,XYY,,,A trisomy consisting of one chromosome X and two chromosomes Y.,Une trisomie constituée d’un chromosome X et de deux chromosomes Y.,Una trisomía que consiste en un cromosoma X y dos cromosomas Y. ,JP: Translated to spanish using Bing Translator,,,,Juliette Potier,,PROMOT:9000007,,,,,
PROMOT:9000018,Other karyotypic sex,,,Another group of ,,,,,,,,,PROMOT:9000007,,,,,
PROMOT:9000020,Female gender identity,,,Gender identity of a person that identify as a girl or as a woman.,Une identité de genre féminin,,,,,,Juliette Potier,,SNOMED:33821000087103,,,,,
PROMOT:9000021,Male gender identity,,,Gender identity of a person that identify as a boy or as a man.,Une identité de genre masculin,,,,,,Juliette Potier,,SNOMED:33821000087103,,,,,
PROMOT:9000022,Gender identity unknown,,,,,,,,,,,,SNOMED:33821000087103,,,,,
PROMOT:9000023,Identifies as nonbinary gender,,,Gender identity of a person that identify nor as a male nor as a female.,,,,,,,Juliette Potier,,SNOMED:33821000087103,,,,,
PROMOT:9000024,Gender identity not recorded,,,,,,,,,,,,SNOMED:33821000087103,,,,,
PROMOT:9000025,Age Category,Tranche d’âge,grupo de edad ,,,,,"Graefe, A.S.L., Hübner, M.R., Rehburg, F. et al. An ontology-based rare disease common data model harmonising international registries, FHIR, and Phenopackets. Sci Data 12, 234 (2025). https://doi.org/10.1038/s41597-025-04558-z",,HP:0003674,,,SNOMED:363787002,,,,,
PROMOT:9000026,Adulthood,âge adulte,,Age category including people of 16 years old and above.,Une tranche d’âge incluant les personnes de 16 ans et plus.,Un grupo de edad que incluye a las personas de 16 años y más. ,JP: Translated to spanish using Bing Translator,,HP:0003581,HP:0003674,Juliette Potier,,PROMOT:9000025,,,,,
PROMOT:9000027,Late adulthood,âge adulte avancé,,Age category including people of 60 years old and above.,Une tranche d’âge incluant les personnes de 60 ans et plus.,Un grupo de edad que incluye a las personas de 60 años y más. ,JP: Translated to spanish using Bing Translator,,HP:0003584,HP:0003674,Juliette Potier,,PROMOT:9000026,,,,,
PROMOT:9000028,Middle adulthood,,,Age category including people between 40 and 59 years old (inclusive).,Une tranche d’âge incluant les personnes de 40 à 59 ans inclus.,Un grupo de edad que incluye a las personas de 40 a 59 años incluidos. ,JP: Translated to spanish using Bing Translator,,,HP:0003674,Juliette Potier,,PROMOT:9000026,,,,,
PROMOT:9000029,Young adulthood,début de l’âge adulte,,Age category including people between 16 and 39 years old (inclusive).,Une tranche d’âge incluant les personnes entre 16 et 39 ans inclus.,Un grupo de edad que incluye a las personas de 16 a 39 años incluidos. ,JP: Translated to spanish using Bing Translator,,,HP:0003674,Juliette Potier,,PROMOT:9000026,,,,,
PROMOT:9000030,Early young adulthood,,,Age category including people between 16 and 18 years old (inclusive).,Une tranche d’âge incluant les personnes entre 16 et 18 ans inclus.,Un grupo de edad que incluye a las personas de 16 a 18 años incluidos. ,JP: Translated to spanish using Bing Translator,,,HP:0003674,Juliette Potier,,PROMOT:9000029,,,,,
PROMOT:9000031,Intermediate young adulthood,âge adulte,,Age category including people between 19 and 24 years old (inclusive).,Une tranche d’âge incluant les personnes entre 19 et 24 ans inclus.,Un grupo de edad que incluye a las personas de 19 a 24 años incluidos. ,JP: Translated to spanish using Bing Translator,,,HP:0003674,Juliette Potier,,PROMOT:9000029,,,,,
PROMOT:9000032,Late young adulthood,,,Age category including people between 25 and 39 years old (inclusive).,Une tranche d’âge incluant les personnes entre 25 et 39 ans inclus.,Un grupo de edad que incluye a las personas de 25 a 39 años incluidos. ,JP: Translated to spanish using Bing Translator,"This term includes the full 19th year of age up to the completed 25th year of age (i.e., less than the 25th birthday). [from: HP:0025709]",HP:0025709,HP:0003674,Juliette Potier,,PROMOT:9000029,,,,,
PROMOT:9000033,Antenatal age,âge anténatal,,Age category prior to birth,Une tranche d’âge ,,,"This term includes the full 25th year of age up to the completed 40th year of age (i.e., less than the 40th birthday). [from: HP:0025710]",HP:0025710,HP:0003674,Juliette Potier,,PROMOT:9000025,,,,,
PROMOT:9000034,Embryonal,âge embryonal,,Category up to 8 weeks following fertilization (corresponding to 10 weeks of gestation).,,,,,,HP:0003674,Juliette Potier,,PROMOT:9000033,,,,,
PROMOT:9000035,Fetal,âge foetal,,Age prior to birth but after 8 weeks of embryonic development (corresponding to a gestational age of 10 weeks).,,,,,,HP:0003674,Juliette Potier,,PROMOT:9000033,,,,,
PROMOT:9000036,Late first trimester,âge vers la fin du premier trimestre de grossesse,,"Category prior to birth in the first trimester during the early fetal period, which is defined as 11 0/7 to 13 6/7 weeks of gestation (inclusive).",,,,,,HP:0003674,Juliette Potier,,PROMOT:9000035,,,,,
PROMOT:9000037,Second trimester,âge au second trimeste de grossesse,,"Category prior to birth during the second trimester, which comprises the range of gestational ages from 14 0/7 weeks to 27 6/7 (inclusive).",,,,,,HP:0003674,Juliette Potier,,PROMOT:9000035,,,,,
PROMOT:9000038,Third trimester,,,"Category prior to birth during the third trimester, which is defined as 28 weeks and zero days (28+0) of gestation and beyond.",,,,,,HP:0003674,Juliette Potier,,PROMOT:9000035,,,,,
PROMOT:9000039,Congenital,,,Time of birth,,,,,,HP:0003674,Juliette Potier,,PROMOT:9000025,,,,,
PROMOT:9000040,Neonatal age,,,Age within the first 28 days of life.,,,,,,HP:0003674,Juliette Potier,,PROMOT:9000025,,,,,
PROMOT:9000041,Pediatric age,,,"Age category before adulthood, defined here as before the age of 16 years, but excluding neonatal or congenital onset. It includes people from the age of ",,,,,,HP:0003674,Juliette Potier,,PROMOT:9000025,,,,,
PROMOT:9000042,Childhood,Enfance,infancia ,Age category including people from 1 to 4 years old (inclusive).,Une tranche d’âge incluant les personnes de 1 à 4 ans inclus.,Un grupo de edad que incluye a las personas de 1 a 4 años incluidos. ,JP: Translated to spanish using Bing Translator,This term refers to ages up to but not including the fifth birthday (see Juvenile onset). [from: HP:0011463],HP:0011463,HP:0003674,Juliette Potier,,PROMOT:9000041,,,,,
PROMOT:9000043,Infantile age,âge infantile,edad infantil ,Age category including people from 28 days to 1 year old.,Une tranche d’âge incluant les personnes de 28 jours à 1 an inclus.,,,,,HP:0003674,Juliette Potier,,PROMOT:9000041,,,,,
PROMOT:9000044,Juvenile age,âge juvénile,edad juvenil ,Age category including people between 5 and 15 years old (inclusive).,Une tranche d’âge incluant les personnes entre 5 et 15 ans inclus.,Un grupo de edad que incluye a las personas de 5 a 15 años incluidos. ,JP: Translated to spanish using Bing Translator,,,HP:0003674,Juliette Potier,,PROMOT:9000041,,,,,
PROMOT:9000042,Perimenopausal age,âge périménopausal,edad perimenopáusica ,Age category including people undergoing perimenopause.,Une tranche d’âge contenant tous les âges associés à la périménopause.,,,,,HP:0003674,Juliette Potier,,PROMOT:9000025,,,,,
PROMOT:9000043,Postmenopausal age,âge postménopausal,edad posmenopáusica ,Age category including people undergoing postmenopause.,Une tranche d’âge contenant tous les âges associés à la postménopause.,,,,,HP:0003674,Juliette Potier,,PROMOT:9000025,,,,,
PROMOT:9000044,Puerpural age,âge puerpéral,edad puerperal ,Age category including ages refering to childbirth or period after childbirth.,Une tranche d’âge contenant tous les âges qui se rapportent à l’accouchement ou à la période qui suit.,,,,,HP:0003674,Juliette Potier,,PROMOT:9000025,,,,,
PROMOT:9000045,Female sex,Sexe féminin,Sexo femenino ,Anatomical sex stated as female.,Un sexe anatomique déclaré féminin.,,,,,,Juliette Potier,,SNOMED:184100006,,,,,
PROMOT:9000046,Intersex,Intersexe,Intersex ,Anatomical sex stated as intersex.,Un sexe anatomique déclaré intersexe.,,,,,,Juliette Potier,,SNOMED:184100006,,,,,
PROMOT:9000047,Male sex,Sexe masculin,Sexo masculino ,Anatomical sex stated as male.,Un sexe anatomique déclaré masculin.,,,,,,Juliette Potier,,SNOMED:184100006,,,,,
PROMOT:9000048,Sex not recorded,Sexe non renseigné,Sexo no especificado ,,,,,,,,,,SNOMED:184100006,,,,,
PROMOT:9000049,Sex unknown,Sexe inconnu,Sexo desconocido ,,,,,,,,,,SNOMED:184100006,,,,,
PROMOT:9000051,Nb of previous pregnancies,Nombre de grossesses,,Number of precious pregnancies of an individual that includes pregancies that did not reach their end.,Le nombre de grossesses d’un individu qui inclut les grossesses qui ne se sont pas terminées.,,,,,,Juliette Potier,,SNOMED:363787002,,,,,
PROMOT:9000052,Age,Âge,edad ,Number of full year after birth.,Un nombre d’années complètes après la naissance.,,,,,,Juliette Potier,,SNOMED:363787002,,,,,
PROMOT:9000053,Date,Date,fecha ,Time indication that refers to a specific day and usually includes mention of the month and/or the year according to a specific calendar system.,Une indication de temps qui réfère à un jour spécifique et qui comprend habituellement la mention du mois et de l’année en fonction d’un système calendaire donné.,,,,,,Juliette Potier,,SNOMED:363787002,,,,,
PROMOT:1200001,Double compound motor action potential abnormality,,,,,,,(JP : to validate),https://pmc.ncbi.nlm.nih.gov/articles/PMC11131082/,,,,HP:0033580,,,,,
PROMOT:9000055,Consent status,,,An information about the consent status of a patient,,,,"Graefe, A.S.L., Hübner, M.R., Rehburg, F. et al. An ontology-based rare disease common data model harmonising international registries, FHIR, and Phenopackets. Sci Data 12, 234 (2025). https://doi.org/10.1038/s41597-025-04558-z",,RD-CDM,,,SNOMED:363787002,,,,,
PROMOT:9000056,Pending,En attente,,,,,,"Graefe, A.S.L., Hübner, M.R., Rehburg, F. et al. An ontology-based rare disease common data model harmonising international registries, FHIR, and Phenopackets. Sci Data 12, 234 (2025). https://doi.org/10.1038/s41597-025-04558-z",,RD-CDM,,,PROMOT:9000055,,,,,
PROMOT:9000057,Proposed,Proposé,,,,,,"Graefe, A.S.L., Hübner, M.R., Rehburg, F. et al. An ontology-based rare disease common data model harmonising international registries, FHIR, and Phenopackets. Sci Data 12, 234 (2025). https://doi.org/10.1038/s41597-025-04558-z",,RD-CDM,,,PROMOT:9000055,,,,,
PROMOT:9000058,Active,Actif,,,,,,"Graefe, A.S.L., Hübner, M.R., Rehburg, F. et al. An ontology-based rare disease common data model harmonising international registries, FHIR, and Phenopackets. Sci Data 12, 234 (2025). https://doi.org/10.1038/s41597-025-04558-z",,RD-CDM,,,PROMOT:9000055,,,,,
PROMOT:9000059,Rejected,Rejeté,,,,,,"Graefe, A.S.L., Hübner, M.R., Rehburg, F. et al. An ontology-based rare disease common data model harmonising international registries, FHIR, and Phenopackets. Sci Data 12, 234 (2025). https://doi.org/10.1038/s41597-025-04558-z",,RD-CDM,,,PROMOT:9000055,,,,,
PROMOT:9000060,Inactive,Inactif,,,,,,"Graefe, A.S.L., Hübner, M.R., Rehburg, F. et al. An ontology-based rare disease common data model harmonising international registries, FHIR, and Phenopackets. Sci Data 12, 234 (2025). https://doi.org/10.1038/s41597-025-04558-z",,RD-CDM,,,PROMOT:9000055,,,,,
PROMOT:9000061,Entered in Error,Entré par erreur,,,,,,"Graefe, A.S.L., Hübner, M.R., Rehburg, F. et al. An ontology-based rare disease common data model harmonising international registries, FHIR, and Phenopackets. Sci Data 12, 234 (2025). https://doi.org/10.1038/s41597-025-04558-z",,RD-CDM,,,PROMOT:9000055,,,,,
PROMOT:9000062,Consent date,Date du consentement,,,,,,"Graefe, A.S.L., Hübner, M.R., Rehburg, F. et al. An ontology-based rare disease common data model harmonising international registries, FHIR, and Phenopackets. Sci Data 12, 234 (2025). https://doi.org/10.1038/s41597-025-04558-z",,RD-CDM,,,SNOMED:363787002,,,,,
PROMOT:9000063,Agreement to be contacted for research purpose,Accord pour être contacté à des fins de recherche,Acuerdo para ser contactado con fines de investigación ,,,,,"Graefe, A.S.L., Hübner, M.R., Rehburg, F. et al. An ontology-based rare disease common data model harmonising international registries, FHIR, and Phenopackets. Sci Data 12, 234 (2025). https://doi.org/10.1038/s41597-025-04558-z",,RD-CDM,,,SNOMED:363787002,,,,,
PROMOT:9000064,Consent to the reuse of data,Consentement à la réutilisation des données,Consentimiento para la reutilización de datos ,,,,,"Graefe, A.S.L., Hübner, M.R., Rehburg, F. et al. An ontology-based rare disease common data model harmonising international registries, FHIR, and Phenopackets. Sci Data 12, 234 (2025). https://doi.org/10.1038/s41597-025-04558-z",,RD-CDM,,,SNOMED:363787002,,,,,
PROMOT:9000065,Birth year,Année de naissance,año de nacimiento ,Time indication that refers to a specific year according to a specific calendar system.,Une indication de temps qui réfère à une année spécifique selon un système calendaire donné.,,,,,,Juliette Potier,,SNOMED:363787002,,,,,
http://id.who.int/icd/entity/567313968,,Fonctions organiques,,,,,,,,,,,,,,,,
http://id.who.int/icd/entity/1363559646,,Fonctions mentales,,,,,,,,,,,,,,,,
http://id.who.int/icd/entity/882590883,,Fonctions mentales globales,,,,,,,,,,,,,,,,
http://id.who.int/icd/entity/723665457,,Fonctions de l'énergie et des pulsions,,,,,,,,,,,,,,,,
http://id.who.int/icd/entity/1864074583,,Niveau d'énergie,,,,,,,,,,,,,,,,
http://id.who.int/icd/entity/134464731,,Fonctions mentales spécifiques,,,,,,,,,,,,,,,,
http://id.who.int/icd/entity/1811133755,,Fonctions mentales du langage,,,,,,,,,,,,,,,,
http://id.who.int/icd/entity/1819639191,,Réception du langage,,,,,,,,,,,,,,,,
http://id.who.int/icd/entity/75971722,,Réception du langage parlé,,,,,,,,,,,,,,,,
http://id.who.int/icd/entity/2069698903,,Expression du langage,,,,,,,,,,,,,,,,
http://id.who.int/icd/entity/2052957777,,Expression du langage parlé,,,,,,,,,,,,,,,,
http://id.who.int/icd/entity/1916167881,,Fonctions sensorielles et douleur,,,,,,,,,,,,,,,,
http://id.who.int/icd/entity/890173921,,Fonctions visuelles et fonctions connexes,,,,,,,,,,,,,,,,
http://id.who.int/icd/entity/2031311308,,Fonctions des annexes de l'œil,,,,,,,,,,,,,,,,
http://id.who.int/icd/entity/2021370201,,Fonctions de la paupière,,,,,,,,,,,,,,,,
http://id.who.int/icd/entity/1255154286,,Fonctions de l'audition et fonctions vestibulaires,,,,,,,,,,,,,,,,
http://id.who.int/icd/entity/1607952955,,Fonctions vestibulaires,,,,,,,,,,,,,,,,
http://id.who.int/icd/entity/1831985718,,Fonction vestibulaire de l'équilibre,,,,,,,,,,,,,,,,
http://id.who.int/icd/entity/203515404,,Douleur,,,,,,,,,,,,,,,,
http://id.who.int/icd/entity/894218497,,Sensation de douleur,,,,,,,,,,,,,,,,
http://id.who.int/icd/entity/893697482,,Douleur généralisée,,,,,,,,,,,,,,,,
http://id.who.int/icd/entity/577558794,,Douleur dans une partie du corps,,,,,,,,,,,,,,,,
http://id.who.int/icd/entity/299098423,,Douleur à la tête et au cou,,,,,,,,,,,,,,,,
http://id.who.int/icd/entity/117147127,,Douleur dans la poitrine,,,,,,,,,,,,,,,,
http://id.who.int/icd/entity/1065560247,,Douleur à l'estomac ou dans l'abdomen,,,,,,,,,,,,,,,,
http://id.who.int/icd/entity/682314871,,Douleur dans le dos,,,,,,,,,,,,,,,,
http://id.who.int/icd/entity/1299345975,,Douleur au membre supérieur,,,,,,,,,,,,,,,,
http://id.who.int/icd/entity/1515853559,,Douleur au membre inférieur,,,,,,,,,,,,,,,,
http://id.who.int/icd/entity/454325322,,Douleurs à localisations multiples,,,,,,,,,,,,,,,,
http://id.who.int/icd/entity/388067588,,Fonctions de la voix et de la parole,,,,,,,,,,,,,,,,
http://id.who.int/icd/entity/712570723,,Fonctions de la voix,,,,,,,,,,,,,,,,
http://id.who.int/icd/entity/1846694084,,Qualité de la voix,,,,,,,,,,,,,,,,
http://id.who.int/icd/entity/1919311435,,Fonctions d'articulation,,,,,,,,,,,,,,,,
http://id.who.int/icd/entity/213697684,,Fonctions de fluidité et de rythme de la parole,,,,,,,,,,,,,,,,
http://id.who.int/icd/entity/2069371821,,Rythme de la parole,,,,,,,,,,,,,,,,
http://id.who.int/icd/entity/1109440237,,Vitesse de la parole,,,,,,,,,,,,,,,,
http://id.who.int/icd/entity/1426641453,,Mélodie de la parole,,,,,,,,,,,,,,,,
http://id.who.int/icd/entity/1034220517,,Autres fonctions de vocalisation,,,,,,,,,,,,,,,,
http://id.who.int/icd/entity/326705068,,"Fonctions des systèmes cardiovasculaire, hématopoïétique, immunitaire et respiratoire",,,,,,,,,,,,,,,,
http://id.who.int/icd/entity/744367503,,Fonctions du système respiratoire,,,,,,,,,,,,,,,,
http://id.who.int/icd/entity/446199613,,Fonctions respiratoires,,,,,,,,,,,,,,,,
http://id.who.int/icd/entity/1360101629,,Fonctions des muscles respiratoires,,,,,,,,,,,,,,,,
http://id.who.int/icd/entity/850289698,,"Fonctions des systèmes digestif, métabolique et endocrinien",,,,,,,,,,,,,,,,
http://id.who.int/icd/entity/1976873960,,Fonctions relatives au système digestif,,,,,,,,,,,,,,,,
http://id.who.int/icd/entity/363211474,,Fonctions d'ingestion,,,,,,,,,,,,,,,,
http://id.who.int/icd/entity/2089171534,,Sucer,,,,,,,,,,,,,,,,
http://id.who.int/icd/entity/1806589582,,Mordre,,,,,,,,,,,,,,,,
http://id.who.int/icd/entity/1389818830,,Mastiquer,,,,,,,,,,,,,,,,
http://id.who.int/icd/entity/1174312718,,Travailler les aliments dans la bouche,,,,,,,,,,,,,,,,
http://id.who.int/icd/entity/539470158,,Saliver,,,,,,,,,,,,,,,,
http://id.who.int/icd/entity/923782542,,Déglutir,,,,,,,,,,,,,,,,
http://id.who.int/icd/entity/161488596,,Fonctions de l'appareil locomoteur et liées au mouvement,,,,,,,,,,,,,,,,
http://id.who.int/icd/entity/1164313611,,Fonctions musculaires,,,,,,,,,,,,,,,,
http://id.who.int/icd/entity/274570113,,Fonctions relatives à la puissance musculaire,,,,,,,,,,,,,,,,
http://id.who.int/icd/entity/1789365017,,Puissance des muscles isolés et des groupes de muscles,,,,,,,,,,,,,,,,
http://id.who.int/icd/entity/1407133273,,Puissance des muscles de la moitié inférieure du corps,,,,,,,,,,,,,,,,
http://id.who.int/icd/entity/556694745,,Puissance des muscles du tronc,,,,,,,,,,,,,,,,
http://id.who.int/icd/entity/627064928,,Fonctions liées au mouvement,,,,,,,,,,,,,,,,
http://id.who.int/icd/entity/576915490,,Fonctions relatives aux réactions motrices involontaires,,,,,,,,,,,,,,,,
http://id.who.int/icd/entity/1328466963,,Fonctions relatives au type de démarche,,,,,,,,,,,,,,,,
http://id.who.int/icd/entity/1394728112,,Activités et participation,,,,,,,,,,,,,,,,
http://id.who.int/icd/entity/1828012543,,Communication,,,,,,,,,,,,,,,,
http://id.who.int/icd/entity/909196092,,Communiquer produire des messages,,,,,,,,,,,,,,,,
http://id.who.int/icd/entity/151046878,,Parler,,,,,,,,,,,,,,,,
http://id.who.int/icd/entity/2048203604,,Mobilité,,,,,,,,,,,,,,,,
http://id.who.int/icd/entity/1266389839,,Changer et maintenir la position du corps,,,,,,,,,,,,,,,,
http://id.who.int/icd/entity/150502901,,Changer la position corporelle de base,,,,,,,,,,,,,,,,
http://id.who.int/icd/entity/1334556216,,Marcher et se déplacer,,,,,,,,,,,,,,,,
http://id.who.int/icd/entity/1550548595,,Marcher,,,,,,,,,,,,,,,,
http://id.who.int/icd/entity/555410497,,Marcher sur de courtes distances,,,,,,,,,,,,,,,,
http://id.who.int/icd/entity/1993770860,,Monter et descendre des escaliers,,,,,,,,,,,,,,,,
http://id.who.int/icd/entity/1608009360,,Entretien personnel,,,,,,,,,,,,,,,,
http://id.who.int/icd/entity/1328675264,,Manger,,,,,,,,,,,,,,,,
http://id.who.int/icd/entity/553784299,,Boire,,,,,,,,,,,,,,,,
http://id.who.int/icd/entity/1626363729,,Structures anatomiques,,,,,,,,,,,,,,,,
http://id.who.int/icd/entity/1843740951,,"Oeil, oreille et structures annexes",,,,,,,,,,,,,,,,
http://id.who.int/icd/entity/246722870,,Structures entourant l'œil,,,,,,,,,,,,,,,,
http://id.who.int/icd/entity/405925948,,Muscles oculomoteurs,,,,,,,,,,,,,,,,
http://id.who.int/icd/entity/426292658,,Structure de l'oreille interne,,,,,,,,,,,,,,,,
http://id.who.int/icd/entity/68679181,,Vestibule,,,,,,,,,,,,,,,,
http://id.who.int/icd/entity/521411479,,"Structures des systèmes cardio-vasculaire, immunitaire et respiratoire",,,,,,,,,,,,,,,,
http://id.who.int/icd/entity/829058183,,Structure du système respiratoire,,,,,,,,,,,,,,,,
http://id.who.int/icd/entity/870135798,,Poumons,,,,,,,,,,,,,,,,
http://id.who.int/icd/entity/495844982,,Muscles respiratoires,,,,,,,,,,,,,,,,
http://id.who.int/icd/entity/1571232890,,Muscles intercostaux,,,,,,,,,,,,,,,,
http://id.who.int/icd/entity/138182487,,"Structures liées aux systèmes digestif, métabolique et endocrinien",,,,,,,,,,,,,,,,
http://id.who.int/icd/entity/256640543,,Structure des glandes salivaires,,,,,,,,,,,,,,,,
http://id.who.int/icd/entity/644658903,,Structures liées au mouvement,,,,,,,,,,,,,,,,
http://id.who.int/icd/entity/436620656,,Structure de la région de la tête et du cou,,,,,,,,,,,,,,,,
http://id.who.int/icd/entity/1874889854,,Muscles de la région de la tête et du cou,,,,,,,,,,,,,,,,
http://id.who.int/icd/entity/1108927576,,Structure de la région des épaules,,,,,,,,,,,,,,,,
http://id.who.int/icd/entity/278512890,,Muscles de la région des épaules,,,,,,,,,,,,,,,,
http://id.who.int/icd/entity/1019379329,,Structure du membre supérieur,,,,,,,,,,,,,,,,
http://id.who.int/icd/entity/640373779,,Structure du bras,,,,,,,,,,,,,,,,
http://id.who.int/icd/entity/1867012554,,Muscles du bras,,,,,,,,,,,,,,,,
http://id.who.int/icd/entity/822292691,,Structure de l'avant-bras,,,,,,,,,,,,,,,,
http://id.who.int/icd/entity/294830867,,Muscles de l'avant-bras,,,,,,,,,,,,,,,,
http://id.who.int/icd/entity/142318995,,Structure de la main,,,,,,,,,,,,,,,,
http://id.who.int/icd/entity/1233939003,,Muscles de la main,,,,,,,,,,,,,,,,
http://id.who.int/icd/entity/232409592,,Structure de la région pelvienne,,,,,,,,,,,,,,,,
http://id.who.int/icd/entity/793188683,,Muscles de la région pelvienne,,,,,,,,,,,,,,,,
http://id.who.int/icd/entity/1929433903,,Structure du membre inférieur,,,,,,,,,,,,,,,,
http://id.who.int/icd/entity/435521956,,Structure de la cuisse,,,,,,,,,,,,,,,,
http://id.who.int/icd/entity/1794398084,,Muscles de la cuisse,,,,,,,,,,,,,,,,
http://id.who.int/icd/entity/249425252,,Structure de la jambe,,,,,,,,,,,,,,,,
http://id.who.int/icd/entity/338611549,,Muscles de la jambe,,,,,,,,,,,,,,,,
http://id.who.int/icd/entity/933576740,,Structure de la cheville et pied,,,,,,,,,,,,,,,,
http://id.who.int/icd/entity/1278239861,,Muscles de la cheville et du pied,,,,,,,,,,,,,,,,
http://id.who.int/icd/entity/723417607,,Structure du tronc,,,,,,,,,,,,,,,,
http://id.who.int/icd/entity/58064740,,Muscles du tronc,,,,,,,,,,,,,,,,
http://id.who.int/icd/entity/567313968,,,Funciones corporales,,,,,,,,,,,,,,,
http://id.who.int/icd/entity/1363559646,,,Funciones mentales,,,,,,,,,,,,,,,
http://id.who.int/icd/entity/882590883,,,Funciones mentales globales,,,,,,,,,,,,,,,
http://id.who.int/icd/entity/723665457,,,Funciones de la energía y de los impulsos,,,,,,,,,,,,,,,
http://id.who.int/icd/entity/1864074583,,,Nivel de energía,,,,,,,,,,,,,,,
http://id.who.int/icd/entity/134464731,,,Funciones mentales específicas,,,,,,,,,,,,,,,
http://id.who.int/icd/entity/1811133755,,,Funciones mentales del lenguaje,,,,,,,,,,,,,,,
http://id.who.int/icd/entity/1819639191,,,Recepción de lenguaje,,,,,,,,,,,,,,,
http://id.who.int/icd/entity/75971722,,,Recepción de lenguaje oral,,,,,,,,,,,,,,,
http://id.who.int/icd/entity/2069698903,,,Expresión de lenguaje,,,,,,,,,,,,,,,
http://id.who.int/icd/entity/2052957777,,,Expresión de lenguaje oral,,,,,,,,,,,,,,,
http://id.who.int/icd/entity/1916167881,,,Funciones sensoriales y dolor,,,,,,,,,,,,,,,
http://id.who.int/icd/entity/890173921,,,Visión y funciones relacionadas,,,,,,,,,,,,,,,
http://id.who.int/icd/entity/2031311308,,,Funciones de las estructuras adyacentes al ojo,,,,,,,,,,,,,,,
http://id.who.int/icd/entity/2021370201,,,Funciones del párpado,,,,,,,,,,,,,,,
http://id.who.int/icd/entity/1255154286,,,Funciones auditivas y vestibulares,,,,,,,,,,,,,,,
http://id.who.int/icd/entity/1607952955,,,Función vestibular,,,,,,,,,,,,,,,
http://id.who.int/icd/entity/1831985718,,,Función vestibular relacionada con el equilibrio,,,,,,,,,,,,,,,
http://id.who.int/icd/entity/203515404,,,Dolor,,,,,,,,,,,,,,,
http://id.who.int/icd/entity/894218497,,,Sensación de dolor,,,,,,,,,,,,,,,
http://id.who.int/icd/entity/893697482,,,Dolor generalizado,,,,,,,,,,,,,,,
http://id.who.int/icd/entity/577558794,,,Dolor en una parte del cuerpo,,,,,,,,,,,,,,,
http://id.who.int/icd/entity/299098423,,,Dolor en la cabeza y el cuello,,,,,,,,,,,,,,,
http://id.who.int/icd/entity/117147127,,,Dolor en el pecho,,,,,,,,,,,,,,,
http://id.who.int/icd/entity/1065560247,,,Dolor en el estómago o en el abdomen,,,,,,,,,,,,,,,
http://id.who.int/icd/entity/682314871,,,Dolor en la espalda,,,,,,,,,,,,,,,
http://id.who.int/icd/entity/1299345975,,,Dolor en una extremidad superior,,,,,,,,,,,,,,,
http://id.who.int/icd/entity/1515853559,,,Dolor en una extremidad inferior,,,,,,,,,,,,,,,
http://id.who.int/icd/entity/454325322,,,Dolor en múltiples partes del cuerpo,,,,,,,,,,,,,,,
http://id.who.int/icd/entity/388067588,,,Funciones de la voz y del habla,,,,,,,,,,,,,,,
http://id.who.int/icd/entity/712570723,,,Funciones de la voz,,,,,,,,,,,,,,,
http://id.who.int/icd/entity/1846694084,,,Calidad de la voz,,,,,,,,,,,,,,,
http://id.who.int/icd/entity/1919311435,,,Funciones de articulación,,,,,,,,,,,,,,,
http://id.who.int/icd/entity/213697684,,,Funciones relacionadas con la fluidez y el ritmo del habla,,,,,,,,,,,,,,,
http://id.who.int/icd/entity/2069371821,,,Ritmo del habla,,,,,,,,,,,,,,,
http://id.who.int/icd/entity/1109440237,,,Velocidad del habla,,,,,,,,,,,,,,,
http://id.who.int/icd/entity/1426641453,,,Melodía del habla,,,,,,,,,,,,,,,
http://id.who.int/icd/entity/1034220517,,,Funciones alternativas de vocalización,,,,,,,,,,,,,,,
http://id.who.int/icd/entity/326705068,,,"Funciones de los sistemas cardiovascular, hematológico, inmunológico y respiratorio",,,,,,,,,,,,,,,
http://id.who.int/icd/entity/744367503,,,Funciones del sistema respiratorio,,,,,,,,,,,,,,,
http://id.who.int/icd/entity/446199613,,,Funciones respiratorias,,,,,,,,,,,,,,,
http://id.who.int/icd/entity/1360101629,,,Funciones de los músculos respiratorios,,,,,,,,,,,,,,,
http://id.who.int/icd/entity/850289698,,,"Funciones de los sistemas digestivo, metabólico y endocrino",,,,,,,,,,,,,,,
http://id.who.int/icd/entity/1976873960,,,Funciones relacionadas con el sistema digestivo,,,,,,,,,,,,,,,
http://id.who.int/icd/entity/363211474,,,Funciones relacionadas con la ingestión,,,,,,,,,,,,,,,
http://id.who.int/icd/entity/2089171534,,,Succión,,,,,,,,,,,,,,,
http://id.who.int/icd/entity/1806589582,,,Morder,,,,,,,,,,,,,,,
http://id.who.int/icd/entity/1389818830,,,Masticación,,,,,,,,,,,,,,,
http://id.who.int/icd/entity/1174312718,,,Manipulación de la comida en la boca,,,,,,,,,,,,,,,
http://id.who.int/icd/entity/539470158,,,Salivación,,,,,,,,,,,,,,,
http://id.who.int/icd/entity/923782542,,,Tragar,,,,,,,,,,,,,,,
http://id.who.int/icd/entity/161488596,,,Funciones neuromusculoesqueléticas y relacionadas con el movimiento,,,,,,,,,,,,,,,
http://id.who.int/icd/entity/1164313611,,,Funciones musculares,,,,,,,,,,,,,,,
http://id.who.int/icd/entity/274570113,,,Funciones relacionadas con la fuerza muscular,,,,,,,,,,,,,,,
http://id.who.int/icd/entity/1789365017,,,Fuerza de músculos aislados o de grupos de músculos,,,,,,,,,,,,,,,
http://id.who.int/icd/entity/1407133273,,,Fuerza de los músculos de la mitad inferior del cuerpo,,,,,,,,,,,,,,,
http://id.who.int/icd/entity/556694745,,,Fuerza de los músculos del tronco,,,,,,,,,,,,,,,
http://id.who.int/icd/entity/627064928,,,Funciones relacionadas con el movimiento,,,,,,,,,,,,,,,
http://id.who.int/icd/entity/576915490,,,Funciones relacionadas con los reflejos de movimiento involuntario,,,,,,,,,,,,,,,
http://id.who.int/icd/entity/1328466963,,,Funciones relacionadas con el patrón de la marcha,,,,,,,,,,,,,,,
http://id.who.int/icd/entity/1394728112,,,Actividades y participación,,,,,,,,,,,,,,,
http://id.who.int/icd/entity/1828012543,,,Comunicación,,,,,,,,,,,,,,,
http://id.who.int/icd/entity/909196092,,,Comunicación producción,,,,,,,,,,,,,,,
http://id.who.int/icd/entity/151046878,,,Hablar,,,,,,,,,,,,,,,
http://id.who.int/icd/entity/2048203604,,,Movilidad,,,,,,,,,,,,,,,
http://id.who.int/icd/entity/1266389839,,,Cambiar y mantener la posición del cuerpo,,,,,,,,,,,,,,,
http://id.who.int/icd/entity/150502901,,,Cambiar las posturas corporales básicas,,,,,,,,,,,,,,,
http://id.who.int/icd/entity/1334556216,,,Andar y moverse,,,,,,,,,,,,,,,
http://id.who.int/icd/entity/1550548595,,,Andar,,,,,,,,,,,,,,,
http://id.who.int/icd/entity/555410497,,,Andar distancias cortas,,,,,,,,,,,,,,,
http://id.who.int/icd/entity/1993770860,,,Subir y bajar escaleras,,,,,,,,,,,,,,,
http://id.who.int/icd/entity/1608009360,,,Autocuidado,,,,,,,,,,,,,,,
http://id.who.int/icd/entity/1328675264,,,Comer,,,,,,,,,,,,,,,
http://id.who.int/icd/entity/553784299,,,Beber,,,,,,,,,,,,,,,
http://id.who.int/icd/entity/1626363729,,,Estructuras corporales,,,,,,,,,,,,,,,
http://id.who.int/icd/entity/1843740951,,,"Capítulo 2 el ojo, el oído y estructuras relacionadas",,,,,,,,,,,,,,,
http://id.who.int/icd/entity/246722870,,,Estructuras periféricas oculares,,,,,,,,,,,,,,,
http://id.who.int/icd/entity/405925948,,,Músculos oculares externos,,,,,,,,,,,,,,,
http://id.who.int/icd/entity/426292658,,,Estructura del oído interno,,,,,,,,,,,,,,,
http://id.who.int/icd/entity/68679181,,,Laberinto vestibular,,,,,,,,,,,,,,,
http://id.who.int/icd/entity/521411479,,,"Capítulo 4 estructuras de los sistemas cardiovascular, inmunológico y respiratorio",,,,,,,,,,,,,,,
http://id.who.int/icd/entity/829058183,,,Estructura del sistema respiratorio,,,,,,,,,,,,,,,
http://id.who.int/icd/entity/870135798,,,Pulmones,,,,,,,,,,,,,,,
http://id.who.int/icd/entity/495844982,,,Músculos de la respiración,,,,,,,,,,,,,,,
http://id.who.int/icd/entity/1571232890,,,Músculos intercostales,,,,,,,,,,,,,,,
http://id.who.int/icd/entity/138182487,,,"Capítulo 5 estructuras relacionadas con los sistemas digestivo, metabólico y endocrino",,,,,,,,,,,,,,,
http://id.who.int/icd/entity/256640543,,,Estructura de las glándulas salivales,,,,,,,,,,,,,,,
http://id.who.int/icd/entity/644658903,,,Capítulo 7 estructuras relacionadas con el movimiento,,,,,,,,,,,,,,,
http://id.who.int/icd/entity/436620656,,,Estructura de la cabeza y de la región del cuello,,,,,,,,,,,,,,,
http://id.who.int/icd/entity/1874889854,,,Músculos de la cabeza y de la región del cuello,,,,,,,,,,,,,,,
http://id.who.int/icd/entity/1108927576,,,Estructura de la región del hombro,,,,,,,,,,,,,,,
http://id.who.int/icd/entity/278512890,,,Músculos de la región del hombro,,,,,,,,,,,,,,,
http://id.who.int/icd/entity/1019379329,,,Estructura de la extremidad superior,,,,,,,,,,,,,,,
http://id.who.int/icd/entity/640373779,,,Estructura del brazo,,,,,,,,,,,,,,,
http://id.who.int/icd/entity/1867012554,,,Músculos del brazo,,,,,,,,,,,,,,,
http://id.who.int/icd/entity/822292691,,,Estructura del antebrazo,,,,,,,,,,,,,,,
http://id.who.int/icd/entity/294830867,,,Músculos del antebrazo,,,,,,,,,,,,,,,
http://id.who.int/icd/entity/142318995,,,Estructura de la mano,,,,,,,,,,,,,,,
http://id.who.int/icd/entity/1233939003,,,Músculos de la mano,,,,,,,,,,,,,,,
http://id.who.int/icd/entity/232409592,,,Estructura de la región pélvica,,,,,,,,,,,,,,,
http://id.who.int/icd/entity/793188683,,,Músculos de la región pélvica,,,,,,,,,,,,,,,
http://id.who.int/icd/entity/1929433903,,,Estructura de la extremidad inferior,,,,,,,,,,,,,,,
http://id.who.int/icd/entity/435521956,,,Estructura del muslo,,,,,,,,,,,,,,,
http://id.who.int/icd/entity/1794398084,,,Músculos del muslo,,,,,,,,,,,,,,,
http://id.who.int/icd/entity/249425252,,,Estructura de la pierna,,,,,,,,,,,,,,,
http://id.who.int/icd/entity/338611549,,,Músculos de la pierna,,,,,,,,,,,,,,,
http://id.who.int/icd/entity/933576740,,,Estructura del tobillo y pie,,,,,,,,,,,,,,,
http://id.who.int/icd/entity/1278239861,,,Músculos del tobillo y del pie,,,,,,,,,,,,,,,
http://id.who.int/icd/entity/723417607,,,Estructura del tronco,,,,,,,,,,,,,,,
http://id.who.int/icd/entity/58064740,,,Músculos del tronco,,,,,,,,,,,,,,,
