ID	Label EN	Annotation	TYPE	Parent Class
ID	A rdfs:label	A PROMOT:1000001 SPLIT=|	TYPE	SC % SPLIT=|
RO:0004029			Object property	
RO:0002351			Object property	
PROMOT:2000005			Object property	
RO:0000091			Object property	
RO:0001025			Object property	
PROMOT:2000003			Object property	
PROMOT:1000001			Annotation property	
http://www.orpha.net/ORDO/Orphanet_270	OPMD			(RO:0004029 some HP:0000467)|(RO:0004029 some HP:0030319)|(RO:0004029 some HP:0007715)|(RO:0004029 some HP:0000597)|(RO:0004029 some HP:0004878)|(RO:0004029 some HP:0009023)|(RO:0004029 some HP:0003327)|(RO:0004029 some HP:0003722)|(RO:0004029 some HP:0002141)|(RO:0004029 some HP:0002172)|(RO:0004029 some HP:0002317)|(RO:0004029 some HP:0003551)|(RO:0004029 some HP:0033235)|(RO:0004029 some HP:0008994)|(RO:0004029 some HP:0003749)|(RO:0004029 some HP:0003731)|(RO:0004029 some HP:0033416)|(RO:0004029 some HP:0012515)|(RO:0004029 some HP:0008997)|(RO:0004029 some HP:0003547)|(RO:0004029 some HP:0031108)|(RO:0004029 some HP:0009053)|(RO:0004029 some HP:0009027)|(RO:0004029 some HP:0011727)|(RO:0004029 some HP:0008963)|(RO:0004029 some HP:0031374)|(RO:0004029 some HP:0008959)|(RO:0004029 some HP:0030237)|(RO:0004029 some HP:0009077)|(RO:0004029 some HP:0009005)|(RO:0004029 some HP:0031177)|(RO:0004029 some HP:0003392)|(RO:0004029 some HP:0003427)|(RO:0004029 some HP:0003701)|(RO:0004029 some HP:0002460)|(RO:0004029 some HP:0007340)|(RO:0004029 some HP:0003483)|(RO:0004029 some HP:0003325)|(RO:0004029 some HP:0003690)|(RO:0004029 some HP:0009063)|(RO:0004029 some HP:0009073)|(RO:0004029 some HP:0001324)|(RO:0004029 some HP:0003323)|(RO:0004029 some HP:0005216)|(RO:0004029 some HP:0030842)|(RO:0004029 some HP:0031146)|(RO:0004029 some HP:0031162)|(RO:0004029 some HP:0032043)|(RO:0004029 some HP:0002015)|(RO:0004029 some HP:0002068)|(RO:0004029 some HP:0200136)|(RO:0004029 some HP:0002098)|(RO:0004029 some HP:0002094)|(RO:0004029 some HP:0002747)|(RO:0004029 some HP:0002093)|(RO:0004029 some HP:0004347)|(RO:0004029 some HP:0032341)|(RO:0004029 some HP:0001288)|(RO:0004029 some HP:0000651)|(RO:0004029 some HP:0001618)|(RO:0004029 some HP:0001609)|(RO:0004029 some HP:0033695)|(RO:0004029 some HP:0012378)|(RO:0004029 some HP:0031058)|(RO:0004029 some HP:0000602)|(RO:0004029 some HP:0000544)|(RO:0004029 some HP:0012531)|(RO:0004029 some HP:0033667)|(RO:0004029 some HP:0000508)|(RO:0004029 some HP:0000183)|(RO:0004029 some HP:6001011)|(RO:0004029 some HP:0011968)|(RO:0004029 some HP:0003236)|(RO:0004029 some HP:0007838)|(RO:0004029 some HP:0012473)|(RO:0004029 some HP:0001611)|(RO:0004029 some HP:0001260)|(RO:0004029 some HP:0008988)|(RO:0004029 some HP:0008997)|(RO:0004029 some HP:0012735)|(RO:0004029 some HP:0033466)|(RO:0004029 some HP:0003458)|(RO:0004029 some HP:0012497)
http://www.orpha.net/ORDO/Orphanet_590	CMS			(RO:0004029 some HP:0002828)|(RO:0004029 some HP:0002483)|(RO:0004029 some HP:0005216)|(RO:0004029 some HP:0030193)|(RO:0004029 some HP:0001270)|(RO:0004029 some HP:0031936)|(RO:0004029 some HP:0033580)|(RO:0004029 some PROMOT:00)|(RO:0004029 some HP:0002015)|(RO:0004029 some HP:0002068)|(RO:0004029 some HP:0200136)|(RO:0004029 some HP:0001618)|(RO:0004029 some HP:0001609)|(RO:0004029 some HP:0030000)|(RO:0004029 some HP:0003398)|(RO:0004029 some HP:0003458)|(RO:0004029 some HP:0003445)|(RO:0004029 some HP:0003403)|(RO:0004029 some HP:0011968)|(RO:0004029 some HP:0008872)|(RO:0004029 some HP:0002033)|(RO:0004029 some HP:0031914)|(RO:0004029 some HP:0003323)|(RO:0004029 some HP:0001288)|(RO:0004029 some HP:0002515)|(RO:0004029 some HP:0002359)|(RO:0004029 some HP:0002540)|(RO:0004029 some HP:0009046)|(RO:0004029 some HP:0002505)|(RO:0004029 some HP:0003473)|(RO:0004029 some HP:0030196)|(RO:0004029 some HP:0030198)|(RO:0004029 some HP:0030199)|(RO:0004029 some HP:0030200)|(RO:0004029 some HP:0030192)|(RO:0004029 some HP:0030194)|(RO:0004029 some HP:0030195)|(RO:0004029 some HP:0030197)|(RO:0004029 some HP:0003391)|(RO:0004029 some HP:0003307)|(RO:0004029 some HP:0001252)|(RO:0004029 some HP:0001319)|(RO:0004029 some HP:0001324)|(RO:0004029 some HP:0000467)|(RO:0004029 some HP:0030319)|(RO:0004029 some HP:0000597)|(RO:0004029 some HP:0007715)|(RO:0004029 some HP:0003327)|(RO:0004029 some HP:0004878)|(RO:0004029 some HP:0009023)|(RO:0004029 some HP:0003722)|(RO:0004029 some HP:0003690)|(RO:0004029 some HP:0009053)|(RO:0004029 some HP:0008959)|(RO:0004029 some HP:0007340)|(RO:0004029 some HP:0003484)|(RO:0004029 some HP:0003325)|(RO:0004029 some HP:0003701)|(RO:0004029 some HP:0002460)|(RO:0004029 some HP:0009028)|(RO:0004029 some HP:0011727)|(RO:0004029 some HP:0030237)|(RO:0004029 some HP:0009063)|(RO:0004029 some HP:0009073)|(RO:0004029 some HP:0008963)|(RO:0004029 some HP:0003427)|(RO:0004029 some HP:0008994)|(RO:0004029 some HP:0003749)|(RO:0004029 some HP:0003392)|(RO:0004029 some HP:0003731)|(RO:0004029 some HP:0003694)|(RO:0004029 some HP:0003810)|(RO:0004029 some HP:0008997)|(RO:0004029 some HP:0003547)|(RO:0004029 some HP:0009005)|(RO:0004029 some HP:0033416)|(RO:0004029 some HP:0012515)|(RO:0004029 some HP:0009027)|(RO:0004029 some HP:0031108)|(RO:0004029 some HP:0031374)|(RO:0004029 some HP:0031177)|(RO:0004029 some HP:0009077)|(RO:0004029 some HP:0000602)|(RO:0004029 some HP:0000544)|(RO:0004029 some HP:0000496)|(RO:0004029 some HP:0007941)|(RO:0004029 some HP:0012531)|(RO:0004029 some HP:0003326)|(RO:0004029 some HP:0003394)|(RO:0004029 some HP:0000508)|(RO:0004029 some HP:0007695)|(RO:0004029 some HP:0030211)|(RO:0004029 some HP:0001558)|(RO:0004029 some HP:0001315)|(RO:0004029 some HP:0031826)|(RO:0004029 some HP:0001284)|(RO:0004029 some HP:0001265)|(RO:0004029 some HP:0002600)|(RO:0004029 some HP:0002522)|(RO:0004029 some HP:0002098)|(RO:0004029 some HP:0002104)|(RO:0004029 some HP:0002878)|(RO:0004029 some HP:0004887)|(RO:0004029 some HP:0002643)|(RO:0004029 some HP:0005949)|(RO:0004029 some HP:0004889)|(RO:0004029 some HP:0004347)|(RO:0004029 some HP:0004885)|(RO:0004029 some HP:0002747)|(RO:0004029 some HP:0002093)|(RO:0004029 some HP:0032341)|(RO:0004029 some HP:0002650)|(RO:0004029 some HP:0002751)|(RO:0004029 some HP:0030006)|(RO:0004029 some HP:0030205)|(RO:0004029 some HP:0008180)|(RO:0004029 some HP:0003236)|(RO:0004029 some HP:0040081)|(RO:0004029 some HP:0030202)|(RO:0004029 some HP:0030203)|(RO:0004029 some HP:0000651)|(RO:0004029 some HP:0002804)|(RO:0004029 some HP:0002882)|(RO:0004029 some HP:0000218)|(RO:0004029 some HP:0001612)|(RO:0004029 some HP:0033454)|(RO:0004029 some HP:0001249)
http://www.orpha.net/ORDO/Orphanet_97245	CM			(RO:0004029 some HP:0002828)|(RO:0004029 some HP:0012768)|(RO:0004029 some HP:0002483)|(RO:0004029 some HP:0025156)|(RO:0004029 some HP:0033994)|(RO:0004029 some HP:0030884)|(RO:0004029 some HP:0040288)|(RO:0004029 some HP:0031063)|(RO:0004029 some HP:0033454)|(RO:0004029 some HP:0011471)|(RO:0004029 some HP:0011470)|(RO:0004029 some HP:0001627)|(RO:0004029 some HP:0030872)|(RO:0004029 some HP:0001713)|(RO:0004029 some HP:0001638)|(RO:0004029 some HP:0005216)|(RO:0004029 some HP:0030193)|(RO:0004029 some HP:0001374)|(RO:0004029 some HP:0001270)|(RO:0004029 some HP:0031936)|(RO:0004029 some HP:0002015)|(RO:0004029 some HP:0002068)|(RO:0004029 some HP:0200136)|(RO:0004029 some HP:0001618)|(RO:0004029 some HP:0001609)|(RO:0004029 some HP:0000276)|(RO:0004029 some HP:0011968)|(RO:0004029 some HP:0008872)|(RO:0004029 some HP:0001508)|(RO:0004029 some HP:0001531)|(RO:0004029 some HP:0002033)|(RO:0004029 some HP:0031914)|(RO:0004029 some HP:0003323)|(RO:0004029 some HP:0001288)|(RO:0004029 some HP:0002515)|(RO:0004029 some HP:0002359)|(RO:0004029 some HP:0002540)|(RO:0004029 some HP:0009046)|(RO:0004029 some HP:0002505)|(RO:0004029 some HP:0003473)|(RO:0004029 some HP:0030196)|(RO:0004029 some HP:0030198)|(RO:0004029 some HP:0030199)|(RO:0004029 some HP:0030200)|(RO:0004029 some HP:0030192)|(RO:0004029 some HP:0030194)|(RO:0004029 some HP:0030195)|(RO:0004029 some HP:0030197)|(RO:0004029 some HP:0003391)|(RO:0004029 some HP:0000218)|(RO:0004029 some HP:0002705)|(RO:0004029 some HP:0003307)|(RO:0004029 some HP:0001252)|(RO:0004029 some HP:0001319)|(RO:0004029 some HP:0002047)|(RO:0004029 some HP:0001324)|(RO:0004029 some HP:0000467)|(RO:0004029 some HP:0030319)|(RO:0004029 some HP:0007715)|(RO:0004029 some HP:0000597)|(RO:0004029 some HP:0003327)|(RO:0004029 some HP:0004878)|(RO:0004029 some HP:0009023)|(RO:0004029 some HP:0003722)|(RO:0004029 some HP:0003690)|(RO:0004029 some HP:0009053)|(RO:0004029 some HP:0008959)|(RO:0004029 some HP:0007340)|(RO:0004029 some HP:0003484)|(RO:0004029 some HP:0003325)|(RO:0004029 some HP:0003701)|(RO:0004029 some HP:0002460)|(RO:0004029 some HP:0009028)|(RO:0004029 some HP:0011727)|(RO:0004029 some HP:0030237)|(RO:0004029 some HP:0009063)|(RO:0004029 some HP:0009073)|(RO:0004029 some HP:0008963)|(RO:0004029 some HP:0003427)|(RO:0004029 some HP:0008994)|(RO:0004029 some HP:0003749)|(RO:0004029 some HP:0003392)|(RO:0004029 some HP:0003731)|(RO:0004029 some HP:0003694)|(RO:0004029 some HP:0003810)|(RO:0004029 some HP:0008997)|(RO:0004029 some HP:0003547)|(RO:0004029 some HP:0009005)|(RO:0004029 some HP:0033416)|(RO:0004029 some HP:0012515)|(RO:0004029 some HP:0009027)|(RO:0004029 some HP:0031108)|(RO:0004029 some HP:0031374)|(RO:0004029 some HP:0031177)|(RO:0004029 some HP:0009077)|(RO:0004029 some HP:0002058)|(RO:0004029 some HP:0000602)|(RO:0004029 some HP:0000544)|(RO:0004029 some HP:0000496)|(RO:0004029 some HP:0007941)|(RO:0004029 some HP:0001761)|(RO:0004029 some HP:0000768)|(RO:0004029 some HP:0000767)|(RO:0004029 some HP:0001622)|(RO:0004029 some HP:0000508)|(RO:0004029 some HP:0001558)|(RO:0004029 some HP:0001989)|(RO:0004029 some HP:0001284)|(RO:0004029 some HP:0001265)|(RO:0004029 some HP:0002600)|(RO:0004029 some HP:0002522)|(RO:0004029 some HP:0001315)|(RO:0004029 some HP:0031826)|(RO:0004029 some HP:0004347)|(RO:0004029 some HP:0002104)|(RO:0004029 some HP:0002098)|(RO:0004029 some HP:0002878)|(RO:0004029 some HP:0004887)|(RO:0004029 some HP:0004885)|(RO:0004029 some HP:0002643)|(RO:0004029 some HP:0004889)|(RO:0004029 some HP:0005949)|(RO:0004029 some HP:0002093)|(RO:0004029 some HP:0002747)|(RO:0004029 some HP:0032341)|(RO:0004029 some HP:0003306)|(RO:0004029 some HP:0002650)|(RO:0004029 some HP:0002751)|(RO:0004029 some HP:6000327)|(RO:0004029 some HP:0001547)|(RO:0004029 some HP:0000886)|(RO:0004029 some HP:0003691)|(RO:0004029 some HP:0000774)|(RO:0004029 some HP:0002808)|(RO:0004029 some HP:0000028)|(RO:0004029 some HP:0030000)|(RO:0004029 some HP:0003398)|(RO:0004029 some HP:0003458)|(RO:0004029 some HP:0003445)|(RO:0004029 some HP:0003403)|(RO:0004029 some HP:0003236)|(RO:0004029 some HP:0008180)|(RO:0004029 some HP:0040081)|(RO:0004029 some HP:0003552)|(RO:0004029 some HP:0002804)|(RO:0004029 some HP:0004322)|(RO:0004029 some HP:0001249)|(RO:0004029 some HP:0004325)|(RO:0004029 some HP:0003457)|(RO:0004029 some HP:0001387)|(RO:0004029 some HP:0000486)
PROMOT:0000028	statement about a human			(RO:0002351 some NCBITaxon:9606)|(RO:0002351 some http://snomed.info/id/184099003)|(RO:0002351 some PROMOT:0000038)|(RO:0002351 some http://snomed.info/id/399753006)|(RO:0002351 some PROMOT:0000040)|(RO:0002351 some PROMOT:0000066)|(RO:0002351 some PROMOT:0000041)|(RO:0002351 some PROMOT:0000043)|(RO:0002351 some http://snomed.info/id/184305005)|(RO:0002351 some PROMOT:0000042)
PROMOT:0000029	statement about a patient			(RO:0002351 some PROMOT:0000025)|(RO:0002351 some http://snomed.info/id/399423000)|(RO:0002351 some http://snomed.info/id/315354004)|(RO:0002351 some http://snomed.info/id/57427004)|(RO:0002351 some http://snomed.info/id/424850005)|(RO:0002351 some http://snomed.info/id/423493009)|(RO:0002351 some http://snomed.info/id/432213005)|(RO:0002351 some PROMOT:0000039)|(RO:0002351 some http://snomed.info/id/406543005)|(RO:0002351 some http://snomed.info/id/27113001)|(RO:0002351 some http://snomed.info/id/1153637007)|(RO:0002351 some http://snomed.info/id/60621009)|(RO:0002351 some http://snomed.info/id/398192003)|(RO:0002351 some http://snomed.info/id/33821000087103)|(RO:0002351 some http://snomed.info/id/186034007)|(RO:0002351 some http://snomed.info/id/184104002)|(RO:0002351 some http://snomed.info/id/224288002)|(RO:0002351 some http://snomed.info/id/125680007)|(RO:0002351 some SNOMED:224118004)|(RO:0002351 some PROMOT:0000077)|(RO:0002351 some PROMOT:0000078)
PROMOT:0000030	statement about a phenotype			(RO:0002351 some HP:0000118)|(RO:0002351 some http://snomed.info/id/298059007)|(RO:0002351 some PROMOT:0000037)|(RO:0002351 some PROMOT:0000035)|(RO:0002351 some PROMOT:0000036)|(RO:0002351 some ECO:0006151)
PROMOT:0000031	statement about a procedure			(RO:0002351 some http://snomed.info/id/128927009)|(RO:0002351 some http://snomed.info/id/439272007)|(RO:0002351 some PROMOT:0000033)
PROMOT:0000032	statement about a consent			(RO:0002351 some PROMOT:0000097)|(RO:0002351 some PROMOT:0000098)|(RO:0002351 some PROMOT:0000089)|(RO:0002351 some PROMOT:0000096)
HP:0001249	Intellectual disability			(PROMOT:2000005 some http://id.who.int/icd/entity/1525383756)|(PROMOT:2000005 some http://id.who.int/icd/entity/1363559646)
HP:0012378	Fatigue			(PROMOT:2000005 some http://id.who.int/icd/entity/1864074583)
HP:0000651	Diplopia			(PROMOT:2000005 some http://id.who.int/icd/entity/2022689055)
HP:0000508	Ptosis			(PROMOT:2000005 some http://id.who.int/icd/entity/2021370201)|(PROMOT:2000005 some http://id.who.int/icd/entity/1789365017)
HP:0007838	Progressive ptosis			(PROMOT:2000005 some http://id.who.int/icd/entity/2021370201)|(PROMOT:2000005 some http://id.who.int/icd/entity/1789365017)
HP:0000597	Ophthalmoparesis			(PROMOT:2000005 some http://id.who.int/icd/entity/1090716697)|(PROMOT:2000005 some http://id.who.int/icd/entity/1789365017)
HP:0000602	Ophthalmoplegia			(PROMOT:2000005 some http://id.who.int/icd/entity/1090716697)|(PROMOT:2000005 some http://id.who.int/icd/entity/1789365017)
HP:0000544	External ophthalmoplegia			(PROMOT:2000005 some http://id.who.int/icd/entity/1090716697)|(PROMOT:2000005 some http://id.who.int/icd/entity/1789365017)
HP:0007941	Limited extraocular movements			(PROMOT:2000005 some http://id.who.int/icd/entity/1090716697)|(PROMOT:2000005 some http://id.who.int/icd/entity/1789365017)
HP:0002141	Gait imbalance			(PROMOT:2000005 some http://id.who.int/icd/entity/1831985718)|(PROMOT:2000005 some http://id.who.int/icd/entity/576915490)|(PROMOT:2000005 some http://id.who.int/icd/entity/1550548595)|(PROMOT:2000005 some http://id.who.int/icd/entity/409094401)
HP:0012531	Pain			(PROMOT:2000005 some http://id.who.int/icd/entity/893697482)|(PROMOT:2000005 some http://id.who.int/icd/entity/299098423)|(PROMOT:2000005 some http://id.who.int/icd/entity/117147127)|(PROMOT:2000005 some http://id.who.int/icd/entity/1065560247)|(PROMOT:2000005 some http://id.who.int/icd/entity/682314871)|(PROMOT:2000005 some http://id.who.int/icd/entity/1299345975)|(PROMOT:2000005 some http://id.who.int/icd/entity/1515853559)|(PROMOT:2000005 some http://id.who.int/icd/entity/454325322)
HP:0003326	Myalgia			(PROMOT:2000005 some http://id.who.int/icd/entity/893697482)|(PROMOT:2000005 some http://id.who.int/icd/entity/299098423)|(PROMOT:2000005 some http://id.who.int/icd/entity/117147127)|(PROMOT:2000005 some http://id.who.int/icd/entity/1065560247)|(PROMOT:2000005 some http://id.who.int/icd/entity/682314871)|(PROMOT:2000005 some http://id.who.int/icd/entity/1299345975)|(PROMOT:2000005 some http://id.who.int/icd/entity/1515853559)
HP:0032043	Odynophagia			(PROMOT:2000005 some http://id.who.int/icd/entity/299098423)|(PROMOT:2000005 some http://id.who.int/icd/entity/923782542)|(PROMOT:2000005 some http://id.who.int/icd/entity/1328675264)|(PROMOT:2000005 some http://id.who.int/icd/entity/553784299)
HP:0001618	Dysphonia			(PROMOT:2000005 some http://id.who.int/icd/entity/712570723)|(PROMOT:2000005 some http://id.who.int/icd/entity/2069371821)|(PROMOT:2000005 some http://id.who.int/icd/entity/1109440237)|(PROMOT:2000005 some http://id.who.int/icd/entity/1426641453)|(PROMOT:2000005 some http://id.who.int/icd/entity/1034220517)|(PROMOT:2000005 some http://id.who.int/icd/entity/151046878)
HP:0001609	Hoarse voice			(PROMOT:2000005 some http://id.who.int/icd/entity/712570723)
HP:6001011	Wet voice			(PROMOT:2000005 some http://id.who.int/icd/entity/1846694084)|(PROMOT:2000005 some http://id.who.int/icd/entity/151046878)
HP:0001611	Hypernasal speech			(PROMOT:2000005 some http://id.who.int/icd/entity/1846694084)|(PROMOT:2000005 some http://id.who.int/icd/entity/151046878)
HP:0001260	Dysarthria			(PROMOT:2000005 some http://id.who.int/icd/entity/1919311435)|(PROMOT:2000005 some http://id.who.int/icd/entity/151046878)
HP:0001612	Weak cry			(PROMOT:2000005 some http://id.who.int/icd/entity/1034220517)
HP:0002098	Respiratory distress			(PROMOT:2000005 some http://id.who.int/icd/entity/446199613)|(PROMOT:2000005 some http://id.who.int/icd/entity/1360101629)
HP:0002094	Dyspnea			(PROMOT:2000005 some http://id.who.int/icd/entity/446199613)|(PROMOT:2000005 some http://id.who.int/icd/entity/1360101629)
HP:0002747	Respiratory insufficiency due to muscle weakness			(PROMOT:2000005 some http://id.who.int/icd/entity/446199613)|(PROMOT:2000005 some http://id.who.int/icd/entity/1360101629)
HP:0002093	Respiratory insufficiency			(PROMOT:2000005 some http://id.who.int/icd/entity/446199613)|(PROMOT:2000005 some http://id.who.int/icd/entity/1360101629)
HP:0004347	Weakness of muscles of respiration			(PROMOT:2000005 some http://id.who.int/icd/entity/446199613)|(PROMOT:2000005 some http://id.who.int/icd/entity/1360101629)|(PROMOT:2000005 some http://id.who.int/icd/entity/1470583183)|(PROMOT:2000005 some http://id.who.int/icd/entity/1789365017)|(PROMOT:2000005 some http://id.who.int/icd/entity/744367503)
HP:0032341	Reduced forced vital capacity			(PROMOT:2000005 some http://id.who.int/icd/entity/446199613)|(PROMOT:2000005 some http://id.who.int/icd/entity/1360101629)
HP:0002104	Apnea			(PROMOT:2000005 some http://id.who.int/icd/entity/1470583183)|(PROMOT:2000005 some http://id.who.int/icd/entity/744367503)
HP:0002878	Respiratory failure			(PROMOT:2000005 some http://id.who.int/icd/entity/1470583183)|(PROMOT:2000005 some http://id.who.int/icd/entity/744367503)
HP:0004887	Respiratory failure requiring assisted ventilation			(PROMOT:2000005 some http://id.who.int/icd/entity/1470583183)|(PROMOT:2000005 some http://id.who.int/icd/entity/744367503)
HP:0002643	Neonatal respiratory distress			(PROMOT:2000005 some http://id.who.int/icd/entity/1470583183)|(PROMOT:2000005 some http://id.who.int/icd/entity/744367503)
HP:0005949	Apneic episodes in infancy			(PROMOT:2000005 some http://id.who.int/icd/entity/1470583183)|(PROMOT:2000005 some http://id.who.int/icd/entity/744367503)
HP:0004889	Intermittent episodes of respiratory insufficiency due to muscle weakness			(PROMOT:2000005 some http://id.who.int/icd/entity/1470583183)|(PROMOT:2000005 some http://id.who.int/icd/entity/744367503)
HP:0004885	Episodic respiratory distress			(PROMOT:2000005 some http://id.who.int/icd/entity/1470583183)|(PROMOT:2000005 some http://id.who.int/icd/entity/744367503)
HP:0012735	Cough 			(PROMOT:2000005 some http://id.who.int/icd/entity/1083127119)
HP:0011968	Feeding difficulties			(PROMOT:2000005 some http://id.who.int/icd/entity/2089171534)|(PROMOT:2000005 some http://id.who.int/icd/entity/1806589582)|(PROMOT:2000005 some http://id.who.int/icd/entity/1389818830)|(PROMOT:2000005 some http://id.who.int/icd/entity/1174312718)|(PROMOT:2000005 some http://id.who.int/icd/entity/539470158)|(PROMOT:2000005 some http://id.who.int/icd/entity/923782542)|(PROMOT:2000005 some http://id.who.int/icd/entity/1328675264)|(PROMOT:2000005 some http://id.who.int/icd/entity/553784299)
HP:0008872	Feeding difficulties in infancy			(PROMOT:2000005 some http://id.who.int/icd/entity/2089171534)|(PROMOT:2000005 some http://id.who.int/icd/entity/1806589582)|(PROMOT:2000005 some http://id.who.int/icd/entity/1389818830)|(PROMOT:2000005 some http://id.who.int/icd/entity/1174312718)|(PROMOT:2000005 some http://id.who.int/icd/entity/539470158)|(PROMOT:2000005 some http://id.who.int/icd/entity/923782542)|(PROMOT:2000005 some http://id.who.int/icd/entity/1328675264)|(PROMOT:2000005 some http://id.who.int/icd/entity/553784299)
HP:0002033	Poor suck			(PROMOT:2000005 some http://id.who.int/icd/entity/2089171534)|(PROMOT:2000005 some http://id.who.int/icd/entity/1328675264)|(PROMOT:2000005 some http://id.who.int/icd/entity/553784299)
HP:0005216	Impaired mastication			(PROMOT:2000005 some http://id.who.int/icd/entity/1389818830)|(PROMOT:2000005 some http://id.who.int/icd/entity/1789365017)|(PROMOT:2000005 some http://id.who.int/icd/entity/1328675264)
HP:0030193	Fatigable weakness of chewing muscles			(PROMOT:2000005 some http://id.who.int/icd/entity/1389818830)|(PROMOT:2000005 some http://id.who.int/icd/entity/1789365017)|(PROMOT:2000005 some http://id.who.int/icd/entity/1328675264)
HP:0031146	Impaired oral bolus formation			(PROMOT:2000005 some http://id.who.int/icd/entity/1174312718)|(PROMOT:2000005 some http://id.who.int/icd/entity/1789365017)|(PROMOT:2000005 some http://id.who.int/icd/entity/1328675264)|(PROMOT:2000005 some http://id.who.int/icd/entity/553784299)
HP:0002015	Dysphagia			(PROMOT:2000005 some http://id.who.int/icd/entity/923782542)|(PROMOT:2000005 some http://id.who.int/icd/entity/1328675264)|(PROMOT:2000005 some http://id.who.int/icd/entity/553784299)
HP:0002068	Neuromuscular dysphagia			(PROMOT:2000005 some http://id.who.int/icd/entity/923782542)|(PROMOT:2000005 some http://id.who.int/icd/entity/1328675264)|(PROMOT:2000005 some http://id.who.int/icd/entity/553784299)
HP:0200136	Oral-pharyngeal dysphagia			(PROMOT:2000005 some http://id.who.int/icd/entity/923782542)|(PROMOT:2000005 some http://id.who.int/icd/entity/1328675264)|(PROMOT:2000005 some http://id.who.int/icd/entity/553784299)
HP:0031162	Impaired oropharyngeal swallow response			(PROMOT:2000005 some http://id.who.int/icd/entity/1041382491)|(PROMOT:2000005 some http://id.who.int/icd/entity/691689627)|(PROMOT:2000005 some http://id.who.int/icd/entity/1328675264)|(PROMOT:2000005 some http://id.who.int/icd/entity/553784299)
HP:0004325	Decreased body weight			(PROMOT:2000005 some http://id.who.int/icd/entity/862066979)
HP:0002047	Malignant hyperthermia			(PROMOT:2000005 some http://id.who.int/icd/entity/2090906765)
HP:0000028	Cryptorchidism			(PROMOT:2000005 some http://id.who.int/icd/entity/859818654)
HP:0003306	Spinal rigidity			(PROMOT:2000005 some http://id.who.int/icd/entity/248265067)|(PROMOT:2000005 some http://id.who.int/icd/entity/841397411)
HP:0002828	Multiple joint contractures			(PROMOT:2000005 some http://id.who.int/icd/entity/1757783224)
HP:0002804	Arthrogryposis multiplex congenita			(PROMOT:2000005 some http://id.who.int/icd/entity/1757783224)
HP:0001387	Joint stiffness			(PROMOT:2000005 some http://id.who.int/icd/entity/1757783224)
HP:0000467	Neck muscle weakness			(PROMOT:2000005 some http://id.who.int/icd/entity/1789365017)|(PROMOT:2000005 some http://id.who.int/icd/entity/2048203604)
HP:0030319	Weakness of facial musculature			(PROMOT:2000005 some http://id.who.int/icd/entity/1789365017)|(PROMOT:2000005 some http://id.who.int/icd/entity/1328675264)
HP:0007715	Weak extraocular muscles			(PROMOT:2000005 some http://id.who.int/icd/entity/1789365017)
HP:0009023	Abdominal wall muscle weakness			(PROMOT:2000005 some http://id.who.int/icd/entity/1789365017)
HP:0003327	Axial muscle weakness			(PROMOT:2000005 some http://id.who.int/icd/entity/1789365017)|(PROMOT:2000005 some http://id.who.int/icd/entity/2048203604)
HP:0003722	Neck flexor weakness			(PROMOT:2000005 some http://id.who.int/icd/entity/1789365017)
HP:0008994	Proximal muscle weakness in lower limbs			(PROMOT:2000005 some http://id.who.int/icd/entity/1789365017)|(PROMOT:2000005 some http://id.who.int/icd/entity/2048203604)
HP:0003749	Pelvic girdle muscle weakness / Hip girdle weakness			(PROMOT:2000005 some http://id.who.int/icd/entity/1789365017)|(PROMOT:2000005 some http://id.who.int/icd/entity/2048203604)
HP:0003731	Quadriceps muscle weakness			(PROMOT:2000005 some http://id.who.int/icd/entity/1789365017)|(PROMOT:2000005 some http://id.who.int/icd/entity/2048203604)
HP:0033416	Hip adductor weakness			(PROMOT:2000005 some http://id.who.int/icd/entity/1789365017)|(PROMOT:2000005 some http://id.who.int/icd/entity/2048203604)
HP:0012515	Hip flexor weakness			(PROMOT:2000005 some http://id.who.int/icd/entity/1789365017)|(PROMOT:2000005 some http://id.who.int/icd/entity/2048203604)
HP:0008997	Proximal muscle weakness in upper limbs			(PROMOT:2000005 some http://id.who.int/icd/entity/1789365017)
HP:0003547	Shoulder girdle muscle weakness			(PROMOT:2000005 some http://id.who.int/icd/entity/1789365017)
HP:0031108	Triceps weakness			(PROMOT:2000005 some http://id.who.int/icd/entity/1789365017)
HP:0009053	Distal lower limb muscle weakness			(PROMOT:2000005 some http://id.who.int/icd/entity/1789365017)
HP:0009027	Foot dorsiflexor weakness			(PROMOT:2000005 some http://id.who.int/icd/entity/1789365017)|(PROMOT:2000005 some http://id.who.int/icd/entity/2048203604)
HP:0011727	Peroneal muscle weakness			(PROMOT:2000005 some http://id.who.int/icd/entity/1789365017)|(PROMOT:2000005 some http://id.who.int/icd/entity/2048203604)
HP:0008963	Tibialis muscle weakness			(PROMOT:2000005 some http://id.who.int/icd/entity/1789365017)|(PROMOT:2000005 some http://id.who.int/icd/entity/2048203604)
HP:0031374	Ankle weakness			(PROMOT:2000005 some http://id.who.int/icd/entity/1789365017)|(PROMOT:2000005 some http://id.who.int/icd/entity/2048203604)
HP:0008959	Distal upper limb muscle weakness			(PROMOT:2000005 some http://id.who.int/icd/entity/1789365017)
HP:0030237	Hand muscle weakness			(PROMOT:2000005 some http://id.who.int/icd/entity/1789365017)
HP:0009077	Weakness of long finger extensor muscles			(PROMOT:2000005 some http://id.who.int/icd/entity/1789365017)
HP:0009005	Weakness of the intrinsic hand muscles			(PROMOT:2000005 some http://id.who.int/icd/entity/1789365017)
HP:0031177	Finger flexor weakness			(PROMOT:2000005 some http://id.who.int/icd/entity/1789365017)
HP:0003392	First dorsal interossei muscle weakness			(PROMOT:2000005 some http://id.who.int/icd/entity/1789365017)
HP:0003427	Thenar muscle weakness			(PROMOT:2000005 some http://id.who.int/icd/entity/1789365017)
HP:0003701	Proximal muscle weakness			(PROMOT:2000005 some http://id.who.int/icd/entity/1789365017)
HP:0002460	Distal muscle weakness			(PROMOT:2000005 some http://id.who.int/icd/entity/1789365017)
HP:0007340	Lower limb muscle weakness			(PROMOT:2000005 some http://id.who.int/icd/entity/1789365017)|(PROMOT:2000005 some http://id.who.int/icd/entity/2048203604)
HP:0003484	Upper limb muscle weakness			(PROMOT:2000005 some http://id.who.int/icd/entity/1789365017)
HP:0003325	Limb-girdle muscle weakness			(PROMOT:2000005 some http://id.who.int/icd/entity/1789365017)
HP:0003690	Limb muscle weakness			(PROMOT:2000005 some http://id.who.int/icd/entity/1789365017)
HP:0009063	Progressive distal muscle weakness			(PROMOT:2000005 some http://id.who.int/icd/entity/1789365017)
HP:0009073	Progressive proximal muscle weakness			(PROMOT:2000005 some http://id.who.int/icd/entity/1789365017)
HP:0000183	Tongue muscle weakness			(PROMOT:2000005 some http://id.who.int/icd/entity/1789365017)|(PROMOT:2000005 some http://id.who.int/icd/entity/151046878)|(PROMOT:2000005 some http://id.who.int/icd/entity/1328675264)|(PROMOT:2000005 some http://id.who.int/icd/entity/553784299)
HP:0012473	Tongue atrophy			(PROMOT:2000005 some http://id.who.int/icd/entity/1789365017)|(PROMOT:2000005 some http://id.who.int/icd/entity/151046878)|(PROMOT:2000005 some http://id.who.int/icd/entity/1328675264)|(PROMOT:2000005 some http://id.who.int/icd/entity/553784299)
HP:0008988	Pelvic girdle muscle atrophy			(PROMOT:2000005 some http://id.who.int/icd/entity/1789365017)|(PROMOT:2000005 some http://id.who.int/icd/entity/2048203604)
HP:0033466	Weak grip			(PROMOT:2000005 some http://id.who.int/icd/entity/1789365017)
HP:0012497	Reduced maximal expiratory pressure			(PROMOT:2000005 some http://id.who.int/icd/entity/1789365017)
HP:0030000	EMG: repetitive nerve stimulation abnormality			(PROMOT:2000005 some http://id.who.int/icd/entity/1789365017)
HP:0003398	Abnormal synaptic transmission at the neuromuscular junction 			(PROMOT:2000005 some http://id.who.int/icd/entity/1789365017)
HP:0003458	EMG: myopathic abnormalities			(PROMOT:2000005 some http://id.who.int/icd/entity/1789365017)
HP:0003445	EMG: neuropathic changes			(PROMOT:2000005 some http://id.who.int/icd/entity/1789365017)
HP:0003403	EMG: decremental response of compound muscle action potential to repetitive nerve stimulation  			(PROMOT:2000005 some http://id.who.int/icd/entity/1789365017)
HP:0003473	Fatigable weakness			(PROMOT:2000005 some http://id.who.int/icd/entity/1789365017)|(PROMOT:2000005 some http://id.who.int/icd/entity/1521707777)|(PROMOT:2000005 some http://id.who.int/icd/entity/1674298945)
HP:0009028	Generalized weakness of limb muscles			(PROMOT:2000005 some http://id.who.int/icd/entity/1789365017)
HP:0003694	Late-onset proximal muscle weakness			(PROMOT:2000005 some http://id.who.int/icd/entity/1789365017)
HP:0003810	Late-onset distal muscle weakness			(PROMOT:2000005 some http://id.who.int/icd/entity/1789365017)
HP:0000496	Abnormality of eye movement			(PROMOT:2000005 some http://id.who.int/icd/entity/1789365017)
HP:0030006	Single fiber EMG abnormality			(PROMOT:2000005 some http://id.who.int/icd/entity/1789365017)
HP:0030205	Increased jitter at single fiber EMG			(PROMOT:2000005 some http://id.who.int/icd/entity/1789365017)
HP:0002058	Myopathic facies			(PROMOT:2000005 some http://id.who.int/icd/entity/1789365017)
HP:0001761	Pes cavus			(PROMOT:2000005 some http://id.who.int/icd/entity/1789365017)|(PROMOT:2000005 some http://id.who.int/icd/entity/2048203604)
HP:0003457	EMG abnormality			(PROMOT:2000005 some http://id.who.int/icd/entity/1789365017)
HP:0000486	Strabismus			(PROMOT:2000005 some http://id.who.int/icd/entity/1789365017)
HP:0004878	Intercostal muscle weakness			(PROMOT:2000005 some http://id.who.int/icd/entity/556694745)
HP:0001252	Hypotonia			(PROMOT:2000005 some http://id.who.int/icd/entity/260756767)
HP:0001319	Neonatal hypotonia			(PROMOT:2000005 some http://id.who.int/icd/entity/260756767)
HP:0001315	Reduced tendon reflexes 			(PROMOT:2000005 some http://id.who.int/icd/entity/1434015402)
HP:0031826	Abnormal reflex			(PROMOT:2000005 some http://id.who.int/icd/entity/1434015402)
HP:0001284	Areflexia			(PROMOT:2000005 some http://id.who.int/icd/entity/1434015402)
HP:0001265	Hyporeflexia			(PROMOT:2000005 some http://id.who.int/icd/entity/1434015402)
HP:0002600	Hyporeflexia of lower limbs			(PROMOT:2000005 some http://id.who.int/icd/entity/1434015402)
HP:0002522	Areflexia of lower limbs			(PROMOT:2000005 some http://id.who.int/icd/entity/1434015402)
HP:0001288	Gait disturbance			(PROMOT:2000005 some http://id.who.int/icd/entity/1328466963)
HP:0002515	Waddling gait			(PROMOT:2000005 some http://id.who.int/icd/entity/1328466963)|(PROMOT:2000005 some http://id.who.int/icd/entity/1550548595)
HP:0002540	Inability to walk			(PROMOT:2000005 some http://id.who.int/icd/entity/1328466963)|(PROMOT:2000005 some http://id.who.int/icd/entity/1550548595)
HP:0009046	Difficulty running			(PROMOT:2000005 some http://id.who.int/icd/entity/1328466963)|(PROMOT:2000005 some http://id.who.int/icd/entity/412494151)
HP:0002505	Loss of ambulation			(PROMOT:2000005 some http://id.who.int/icd/entity/1328466963)|(PROMOT:2000005 some http://id.who.int/icd/entity/1550548595)
HP:0003394	Muscle spasm			(PROMOT:2000005 some http://id.who.int/icd/entity/1405368356)|(PROMOT:2000005 some http://id.who.int/icd/entity/621727843)
HP:0003552	Muscle stiffness			(PROMOT:2000005 some http://id.who.int/icd/entity/841397411)
HP:0001270	Motor delay			(PROMOT:2000005 some http://id.who.int/icd/entity/855039967)|(PROMOT:2000005 some http://id.who.int/icd/entity/1462755743)|(PROMOT:2000005 some http://id.who.int/icd/entity/1851215071)|(PROMOT:2000005 some http://id.who.int/icd/entity/623565657)|(PROMOT:2000005 some http://id.who.int/icd/entity/485719194)|(PROMOT:2000005 some http://id.who.int/icd/entity/1474003417)|(PROMOT:2000005 some http://id.who.int/icd/entity/1550548595)|(PROMOT:2000005 some http://id.who.int/icd/entity/919003335)
HP:0031936	Delayed ability to walk 			(PROMOT:2000005 some http://id.who.int/icd/entity/1550548595)
HP:0002359	Frequent falls			(PROMOT:2000005 some http://id.who.int/icd/entity/1550548595)
HP:0003551	Difficulty climbing stairs			(PROMOT:2000005 some http://id.who.int/icd/entity/1993770860)
HP:0033235	Difficulty descending stairs			(PROMOT:2000005 some http://id.who.int/icd/entity/1993770860)
HP:0030842	Choking episodes			(PROMOT:2000005 some http://id.who.int/icd/entity/1328675264)
HP:0025156	Dependency on intravenous nutrition			(PROMOT:2000005 some http://id.who.int/icd/entity/1328675264)|(PROMOT:2000005 some http://id.who.int/icd/entity/553784299)
HP:0033994	Dependency on parenteral nutrition			(PROMOT:2000005 some http://id.who.int/icd/entity/1328675264)|(PROMOT:2000005 some http://id.who.int/icd/entity/553784299)
HP:0030884	Gastrojejunal tube feeding in infancy			(PROMOT:2000005 some http://id.who.int/icd/entity/1328675264)|(PROMOT:2000005 some http://id.who.int/icd/entity/553784299)
HP:0040288	Nasogastric tube feeding			(PROMOT:2000005 some http://id.who.int/icd/entity/1328675264)|(PROMOT:2000005 some http://id.who.int/icd/entity/553784299)
HP:0031063	Impaired feeding ability			(PROMOT:2000005 some http://id.who.int/icd/entity/1328675264)|(PROMOT:2000005 some http://id.who.int/icd/entity/553784299)
HP:0033454	Tube feeding			(PROMOT:2000005 some http://id.who.int/icd/entity/1328675264)|(PROMOT:2000005 some http://id.who.int/icd/entity/553784299)
HP:0011471	Gastrostomy tube feeding in infancy			(PROMOT:2000005 some http://id.who.int/icd/entity/1328675264)|(PROMOT:2000005 some http://id.who.int/icd/entity/553784299)
HP:0011470	Nasogastric tube feeding in infancy			(PROMOT:2000005 some http://id.who.int/icd/entity/1328675264)|(PROMOT:2000005 some http://id.who.int/icd/entity/553784299)
HP:0031058	Impairment of activities of daily living			(PROMOT:2000005 some http://id.who.int/icd/entity/1535125568)|(PROMOT:2000005 some http://id.who.int/icd/entity/1608009360)
HP:0033695	Occupational disability			(PROMOT:2000005 some http://id.who.int/icd/entity/49044301)|(PROMOT:2000005 some http://id.who.int/icd/entity/73014515)
HP:0002172	Postural instability			(PROMOT:2000005 some http://id.who.int/icd/entity/2048203604)
HP:0002317	Unsteady gait			(PROMOT:2000005 some http://id.who.int/icd/entity/2048203604)
FMA:13354	Intercostal Muscle			(RO:0000091 some HP:0004878)|(RO:0001025 some http://id.who.int/icd/entity/1571232890)
FMA:22428	Quatriceps femoris			(RO:0000091 some HP:0003731)|(RO:0001025 some http://id.who.int/icd/entity/521411479)
FMA:22470	Muscle of thigh			(RO:0000091 some HP:0008994)|(RO:0000091 some HP:0033416)|(RO:0000091 some HP:0012515)|(RO:0001025 some http://id.who.int/icd/entity/521411479)
FMA:22471	Muscle of leg			(RO:0000091 some HP:0009053)|(RO:0000091 some HP:0011727)|(RO:0000091 some HP:0031374)|(RO:0001025 some http://id.who.int/icd/entity/338611549)
FMA:22532	Tibialis anterior			(RO:0000091 some HP:0008963)|(RO:0001025 some http://id.who.int/icd/entity/338611549)
FMA:323229	Pterygoid muscle			(RO:0000091 some HP:0005216)|(RO:0000091 some HP:0030193)|(RO:0001025 some http://id.who.int/icd/entity/1874889854)
FMA:33531	Muscle of shoulder			(RO:0000091 some HP:0008997)|(RO:0000091 some HP:0003547)|(RO:0000091 some HP:0003325)|(RO:0001025 some http://id.who.int/icd/entity/278512890)
FMA:37367	Muscle of pelvic gridle			(RO:0000091 some HP:0008994)|(RO:0000091 some HP:0003749)|(RO:0000091 some HP:0003325)|(RO:0000091 some HP:0008988)|(RO:0001025 some http://id.who.int/icd/entity/793188683)
FMA:37369	Muscle of foot			(RO:0000091 some HP:0009053)|(RO:0000091 some HP:0009027)|(RO:0001025 some http://id.who.int/icd/entity/1278239861)
FMA:37370	Muscle of arm			(RO:0000091 some HP:0008997)|(RO:0001025 some http://id.who.int/icd/entity/1867012554)
FMA:37371	Muscle of forearm			(RO:0000091 some HP:0008959)|(RO:0001025 some http://id.who.int/icd/entity/294830867)
FMA:37372	Muscle of hand			(RO:0000091 some HP:0008959)|(RO:0000091 some HP:0030237)|(RO:0000091 some HP:0033466)|(RO:0001025 some http://id.who.int/icd/entity/1233939003)
FMA:37383	Flexor digiti minimi brevis of hand			(RO:0000091 some HP:0031177)|(RO:0001025 some http://id.who.int/icd/entity/1233939003)
FMA:37424	First dorsal interosseous of hand			(RO:0000091 some HP:0003392)|(RO:0001025 some http://id.who.int/icd/entity/1233939003)
FMA:37688	Triceps brachii			(RO:0000091 some HP:0031108)|(RO:0001025 some http://id.who.int/icd/entity/1867012554)
FMA:38500	Extensor digitorum			(RO:0000091 some HP:0009077)|(RO:0001025 some http://id.who.int/icd/entity/1233939003)
FMA:42380	Intrinsic muscle of hand			(RO:0000091 some HP:0009005)|(RO:0001025 some http://id.who.int/icd/entity/1233939003)
FMA:46689	Muscle of tongue			(RO:0000091 some HP:0005216)|(RO:0000091 some HP:0000183)|(RO:0000091 some HP:0030193)|(RO:0000091 some HP:0012473)|(RO:0001025 some http://id.who.int/icd/entity/1874889854)
FMA:46751	Muscle of face			(RO:0000091 some HP:0030319)|(RO:0001025 some http://id.who.int/icd/entity/1874889854)
FMA:46834	Buccinator			(RO:0000091 some HP:0005216)|(RO:0000091 some HP:0030193)|(RO:0001025 some http://id.who.int/icd/entity/1874889854)
FMA:48996	Masseter			(RO:0000091 some HP:0005216)|(RO:0000091 some HP:0030193)|(RO:0001025 some http://id.who.int/icd/entity/1874889854)
FMA:49006	Temporalis			(RO:0000091 some HP:0005216)|(RO:0000091 some HP:0030193)|(RO:0001025 some http://id.who.int/icd/entity/1874889854)
FMA:49033	Extra ocular muscle			(RO:0000091 some HP:0007715)|(RO:0000091 some HP:0000597)|(RO:0000091 some HP:0000651)|(RO:0000091 some HP:0000602)|(RO:0000091 some HP:0000544)|(RO:0000091 some HP:0000508)|(RO:0000091 some HP:0000496)|(RO:0000091 some HP:0007941)|(RO:0000091 some HP:0000486)|(RO:0000091 some HP:0007838)|(RO:0001025 some http://id.who.int/icd/entity/405925948)|(RO:0001025 some http://id.who.int/icd/entity/1874889854)
FMA:51099	Tibialis posterior			(RO:0000091 some HP:0008963)|(RO:0001025 some http://id.who.int/icd/entity/338611549)
FMA:58274	Muscle of trunk			(RO:0000091 some HP:0009023)|(RO:0001025 some http://id.who.int/icd/entity/58064740)
FMA:64916	Thenar muscle			(RO:0000091 some HP:0003427)|(RO:0001025 some http://id.who.int/icd/entity/1233939003)
FMA:74060	Masticatory muscle			(RO:0000091 some HP:0005216)|(RO:0000091 some HP:0030193)|(RO:0001025 some http://id.who.int/icd/entity/1874889854)
FMA:7490	Joint			(RO:0000091 some HP:0002828)|(RO:0000091 some HP:0001387)|(RO:0000091 some HP:0002804)|(RO:0001025 some http://id.who.int/icd/entity/462923277)
FMA:9617	Muscle of neck			(RO:0000091 some HP:0000467)|(RO:0000091 some HP:0003722)|(RO:0001025 some http://id.who.int/icd/entity/1874889854)
FMA:9620	Muscle of abdomen			(RO:0000091 some HP:0009023)|(RO:0001025 some http://id.who.int/icd/entity/58064740)
FMA:35178	hip joint			(RO:0000091 some HP:0001374)|(RO:0001025 some http://id.who.int/icd/entity/1401748164)
http://id.who.int/icd/entity/58064740	Muscles of trunk			(RO:0000091 some HP:0009023)|(RO:0000091 some HP:0003306)
http://id.who.int/icd/entity/178625206	Thoracic cage			(RO:0000091 some HP:0001547)|(RO:0000091 some HP:0000886)|(RO:0000091 some HP:0000774)|(RO:0000091 some HP:0000768)|(RO:0000091 some HP:0000767)|(RO:0000091 some HP:6000327)
http://id.who.int/icd/entity/723417607	Structure of trunk			(RO:0000091 some HP:0001547)|(RO:0000091 some HP:0000886)|(RO:0000091 some HP:0000774)|(RO:0000091 some HP:0000768)|(RO:0000091 some HP:0000767)|(RO:0000091 some HP:6000327)
http://id.who.int/icd/entity/902262669	Extra-articular ligaments, fasciae, extramuscular aponeuroses, retinacula, septa, bursae, unspecified			(RO:0000091 some HP:0001547)|(RO:0000091 some HP:0000886)|(RO:0000091 some HP:0000774)|(RO:0000091 some HP:0000768)|(RO:0000091 some HP:0000767)|(RO:0000091 some HP:6000327)
http://id.who.int/icd/entity/405925948	External ocular muscles			(RO:0000091 some HP:0000496)|(RO:0000091 some HP:0000651)|(RO:0000091 some HP:0000544)|(RO:0000091 some HP:0007941)|(RO:0000091 some HP:0000597)|(RO:0000091 some HP:0000602)|(RO:0000091 some HP:0007838)|(RO:0000091 some HP:0000508)|(RO:0000091 some HP:0000486)|(RO:0000091 some HP:0007715)
http://id.who.int/icd/entity/1278239861	Muscles of ankle and foot			(RO:0000091 some HP:0031374)|(RO:0000091 some HP:0009053)|(RO:0000091 some HP:0009027)|(RO:0000091 some HP:0001761)
http://id.who.int/icd/entity/495844982	Muscles of respiration			(RO:0000091 some HP:0002104)|(RO:0000091 some HP:0005949)|(RO:0000091 some HP:0002094)|(RO:0000091 some HP:0004885)|(RO:0000091 some HP:0004889)|(RO:0000091 some HP:0002643)|(RO:0000091 some HP:0032341)|(RO:0000091 some HP:0012497)|(RO:0000091 some HP:0002098)|(RO:0000091 some HP:0002878)|(RO:0000091 some HP:0004887)|(RO:0000091 some HP:0002093)|(RO:0000091 some HP:0002747)|(RO:0000091 some HP:0004347)|(RO:0000091 some HP:0004347)
http://id.who.int/icd/entity/870135798	Lungs			(RO:0000091 some HP:0002104)|(RO:0000091 some HP:0005949)|(RO:0000091 some HP:0002094)|(RO:0000091 some HP:0004885)|(RO:0000091 some HP:0004889)|(RO:0000091 some HP:0002643)|(RO:0000091 some HP:0032341)|(RO:0000091 some HP:0002098)|(RO:0000091 some HP:0002878)|(RO:0000091 some HP:0004887)|(RO:0000091 some HP:0002093)|(RO:0000091 some HP:0002747)|(RO:0000091 some HP:0004347)
http://id.who.int/icd/entity/462923277	Joints			(RO:0000091 some HP:0002804)|(RO:0000091 some HP:0001387)|(RO:0000091 some HP:0002828)
http://id.who.int/icd/entity/1401748164	Hip joint			(RO:0000091 some HP:0001374)
http://id.who.int/icd/entity/2067741200	Testes and scrotum			(RO:0000091 some HP:0000028)
http://id.who.int/icd/entity/338611549	Muscles of lower leg			(RO:0000091 some HP:0009053)|(RO:0000091 some HP:0011727)|(RO:0000091 some HP:0008963)
http://id.who.int/icd/entity/1233939003	Muscles of hand			(RO:0000091 some HP:0008959)|(RO:0000091 some HP:0031177)|(RO:0000091 some HP:0003392)|(RO:0000091 some HP:0030237)|(RO:0000091 some HP:0003427)|(RO:0000091 some HP:0033466)|(RO:0000091 some HP:0009077)|(RO:0000091 some HP:0009005)
http://id.who.int/icd/entity/294830867	Muscles of forearm			(RO:0000091 some HP:0008959)
http://id.who.int/icd/entity/1874889854	Muscles of head and neck region			(RO:0000091 some HP:0002015)|(RO:0000091 some HP:0030193)|(RO:0000091 some HP:0005216)|(RO:0000091 some HP:0031146)|(RO:0000091 some HP:0031162)|(RO:0000091 some HP:0002058)|(RO:0000091 some HP:0003722)|(RO:0000091 some HP:0000467)|(RO:0000091 some HP:0002068)|(RO:0000091 some HP:0200136)|(RO:0000091 some HP:0002033)|(RO:0000091 some HP:0007838)|(RO:0000091 some HP:0000508)|(RO:0000091 some HP:0003306)|(RO:0000091 some HP:0012473)|(RO:0000091 some HP:0000183)|(RO:0000091 some HP:0030319)
http://id.who.int/icd/entity/644658903	Structures related to movement			(RO:0000091 some HP:0002141)
http://id.who.int/icd/entity/68679181	Vestibular labyrinth			(RO:0000091 some HP:0002141)
http://id.who.int/icd/entity/374222990	Structure of palate			(RO:0000091 some HP:0000218)|(RO:0000091 some HP:0002705)
http://id.who.int/icd/entity/521411479	Muscles of thigh			(RO:0000091 some HP:0033416)|(RO:0000091 some HP:0012515)|(RO:0000091 some HP:0008994)|(RO:0000091 some HP:0003731)
http://id.who.int/icd/entity/1747603619	Lumbar vertebral column			(RO:0000091 some HP:0003307)|(RO:0000091 some HP:0002751)|(RO:0000091 some HP:0002808)|(RO:0000091 some HP:0002650)|(RO:0000091 some HP:0003306)
http://id.who.int/icd/entity/1182439715	Cervical vertebral column			(RO:0000091 some HP:0003307)|(RO:0000091 some HP:0002751)|(RO:0000091 some HP:0002808)|(RO:0000091 some HP:0003306)
http://id.who.int/icd/entity/634949825	structure of the brain			(RO:0000091 some HP:0001249)
http://id.who.int/icd/entity/1571232890	Intercostal muscles			(RO:0000091 some HP:0004878)
http://id.who.int/icd/entity/1364393443	Thoracic vertebral column			(RO:0000091 some HP:0002751)|(RO:0000091 some HP:0002650)|(RO:0000091 some HP:0003306)
http://id.who.int/icd/entity/278512890	Muscles of shoulder region			(RO:0000091 some HP:0003325)|(RO:0000091 some HP:0008997)|(RO:0000091 some HP:0003547)
http://id.who.int/icd/entity/793188683	Muscles of pelvic region			(RO:0000091 some HP:0003325)|(RO:0000091 some HP:0008988)|(RO:0000091 some HP:0003749)|(RO:0000091 some HP:0008994)
http://id.who.int/icd/entity/608795582	Bones of face			(RO:0000091 some HP:0000276)|(RO:0000091 some HP:0002058)
http://id.who.int/icd/entity/862003070	Bones of cranium			(RO:0000091 some HP:0000276)
http://id.who.int/icd/entity/1528299701	Ligaments and fasciae of ankle and foot			(RO:0000091 some HP:0001761)
http://id.who.int/icd/entity/1650503157	Bones of ankle and foot			(RO:0000091 some HP:0001761)
http://id.who.int/icd/entity/1867012554	Muscles of upper arm			(RO:0000091 some HP:0008997)|(RO:0000091 some HP:0031108)
http://id.who.int/icd/entity/213893837	Bones			(RO:0000091 some HP:0004322)
http://id.who.int/icd/entity/169456190	Joints of head and neck region			(RO:0000091 some HP:0003306)
http://snomed.info/id/84100007	History taking (procedure)			(PROMOT:2000003 some HP:0009023)|(PROMOT:2000003 some HP:0001713)|(PROMOT:2000003 some HP:0030872)|(PROMOT:2000003 some HP:0040081)|(PROMOT:2000003 some HP:0001627)|(PROMOT:2000003 some HP:0004303)|(PROMOT:2000003 some HP:0007695)|(PROMOT:2000003 some HP:0031826)|(PROMOT:2000003 some HP:0001547)|(PROMOT:2000003 some HP:0000496)|(PROMOT:2000003 some HP:0031374)|(PROMOT:2000003 some HP:0002104)|(PROMOT:2000003 some HP:0005949)|(PROMOT:2000003 some HP:0001284)|(PROMOT:2000003 some HP:0002522)|(PROMOT:2000003 some HP:0002804)|(PROMOT:2000003 some HP:0003327)|(PROMOT:2000003 some HP:0002483)|(PROMOT:2000003 some HP:0030842)|(PROMOT:2000003 some HP:0001374)|(PROMOT:2000003 some HP:0000028)|(PROMOT:2000003 some HP:0001558)|(PROMOT:2000003 some HP:0000886)|(PROMOT:2000003 some HP:0025156)|(PROMOT:2000003 some HP:0033994)|(PROMOT:2000003 some HP:0009046)|(PROMOT:2000003 some HP:0000651)|(PROMOT:2000003 some HP:0009053)|(PROMOT:2000003 some HP:0002460)|(PROMOT:2000003 some HP:0008959)|(PROMOT:2000003 some PROMOT:0000106)|(PROMOT:2000003 some HP:0001260)|(PROMOT:2000003 some HP:0001618)|(PROMOT:2000003 some HP:0002094)|(PROMOT:2000003 some HP:0003236)|(PROMOT:2000003 some HP:0030000)|(PROMOT:2000003 some HP:0003457)|(PROMOT:2000003 some HP:0003403)|(PROMOT:2000003 some HP:0003458)|(PROMOT:2000003 some HP:0003445)|(PROMOT:2000003 some HP:0004885)|(PROMOT:2000003 some HP:0000544)|(PROMOT:2000003 some HP:0001508)|(PROMOT:2000003 some HP:0001531)|(PROMOT:2000003 some HP:0030192)|(PROMOT:2000003 some HP:0030193)|(PROMOT:2000003 some HP:0030198)|(PROMOT:2000003 some HP:0030199)|(PROMOT:2000003 some HP:0030196)|(PROMOT:2000003 some HP:0030197)|(PROMOT:2000003 some HP:0030194)|(PROMOT:2000003 some HP:0030195)|(PROMOT:2000003 some HP:0030200)|(PROMOT:2000003 some HP:0030202)|(PROMOT:2000003 some HP:0011968)|(PROMOT:2000003 some HP:0008872)|(PROMOT:2000003 some HP:0001989)|(PROMOT:2000003 some HP:0031177)|(PROMOT:2000003 some HP:0003392)|(PROMOT:2000003 some HP:0009027)|(PROMOT:2000003 some HP:0002359)|(PROMOT:2000003 some HP:0001288)|(PROMOT:2000003 some HP:0030884)|(PROMOT:2000003 some HP:0011471)|(PROMOT:2000003 some HP:0009028)|(PROMOT:2000003 some HP:0003391)|(PROMOT:2000003 some HP:0030237)|(PROMOT:2000003 some HP:0000218)|(PROMOT:2000003 some HP:0002705)|(PROMOT:2000003 some HP:0033416)|(PROMOT:2000003 some HP:0012515)|(PROMOT:2000003 some HP:0003749)|(PROMOT:2000003 some HP:0001609)|(PROMOT:2000003 some HP:0003307)|(PROMOT:2000003 some HP:0001611)|(PROMOT:2000003 some HP:0001265)|(PROMOT:2000003 some HP:0002600)|(PROMOT:2000003 some HP:0001252)|(PROMOT:2000003 some HP:0031063)|(PROMOT:2000003 some HP:0005216)|(PROMOT:2000003 some HP:0031146)|(PROMOT:2000003 some HP:0031162)|(PROMOT:2000003 some HP:0002540)|(PROMOT:2000003 some HP:0001249)|(PROMOT:2000003 some HP:0004878)|(PROMOT:2000003 some HP:0004889)|(PROMOT:2000003 some HP:0001387)|(PROMOT:2000003 some HP:0002751)|(PROMOT:2000003 some HP:0002808)|(PROMOT:2000003 some HP:0003810)|(PROMOT:2000003 some HP:0003694)|(PROMOT:2000003 some HP:0003690)|(PROMOT:2000003 some HP:0003325)|(PROMOT:2000003 some HP:0007941)|(PROMOT:2000003 some HP:0000276)|(PROMOT:2000003 some HP:0002505)|(PROMOT:2000003 some HP:0007340)|(PROMOT:2000003 some HP:0002047)|(PROMOT:2000003 some HP:0008180)|(PROMOT:2000003 some HP:0001270)|(PROMOT:2000003 some HP:0002828)|(PROMOT:2000003 some HP:0003394)|(PROMOT:2000003 some HP:0003552)|(PROMOT:2000003 some HP:0001324)|(PROMOT:2000003 some HP:0003326)|(PROMOT:2000003 some HP:0002058)|(PROMOT:2000003 some HP:0000774)|(PROMOT:2000003 some HP:0040288)|(PROMOT:2000003 some HP:0011470)|(PROMOT:2000003 some HP:0003722)|(PROMOT:2000003 some HP:0000467)|(PROMOT:2000003 some HP:0012768)|(PROMOT:2000003 some HP:0001319)|(PROMOT:2000003 some HP:0002643)|(PROMOT:2000003 some HP:0032043)|(PROMOT:2000003 some HP:0000597)|(PROMOT:2000003 some HP:0000602)|(PROMOT:2000003 some HP:0000768)|(PROMOT:2000003 some HP:0000767)|(PROMOT:2000003 some HP:0008988)|(PROMOT:2000003 some HP:0003749)|(PROMOT:2000003 some HP:0011727)|(PROMOT:2000003 some HP:0001761)|(PROMOT:2000003 some HP:0002033)|(PROMOT:2000003 some HP:0002172)|(PROMOT:2000003 some HP:0001622)|(PROMOT:2000003 some HP:0009063)|(PROMOT:2000003 some HP:0003323)|(PROMOT:2000003 some HP:0009073)|(PROMOT:2000003 some HP:0007838)|(PROMOT:2000003 some HP:0003701)|(PROMOT:2000003 some HP:0008994)|(PROMOT:2000003 some HP:0008987)|(PROMOT:2000003 some HP:0000508)|(PROMOT:2000003 some HP:0003731)|(PROMOT:2000003 some HP:0032341)|(PROMOT:2000003 some HP:0012497)|(PROMOT:2000003 some HP:0001315)|(PROMOT:2000003 some HP:0002098)|(PROMOT:2000003 some HP:0002878)|(PROMOT:2000003 some HP:0004887)|(PROMOT:2000003 some HP:0002093)|(PROMOT:2000003 some HP:0002747)|(PROMOT:2000003 some HP:0003691)|(PROMOT:2000003 some HP:0002650)|(PROMOT:2000003 some HP:0003547)|(PROMOT:2000003 some HP:0030006)|(PROMOT:2000003 some HP:0030211)|(PROMOT:2000003 some HP:0003306)|(PROMOT:2000003 some HP:0000486)|(PROMOT:2000003 some HP:0002882)|(PROMOT:2000003 some HP:0003427)|(PROMOT:2000003 some HP:6000327)|(PROMOT:2000003 some HP:0008963)|(PROMOT:2000003 some HP:0012473)|(PROMOT:2000003 some HP:0000183)|(PROMOT:2000003 some HP:0031108)|(PROMOT:2000003 some HP:0033454)|(PROMOT:2000003 some HP:0030203)|(PROMOT:2000003 some HP:0002317)|(PROMOT:2000003 some HP:0003484)|(PROMOT:2000003 some HP:0002515)|(PROMOT:2000003 some HP:0001612)|(PROMOT:2000003 some HP:0007715)|(PROMOT:2000003 some HP:0033466)|(PROMOT:2000003 some HP:0030319)|(PROMOT:2000003 some HP:0009077)|(PROMOT:2000003 some HP:0004347)|(PROMOT:2000003 some HP:0009005)|(PROMOT:2000003 some HP:6001011)
http://snomed.info/id/12894003	Functional assessment			(PROMOT:2000003 some HP:0003327)|(PROMOT:2000003 some HP:0009053)|(PROMOT:2000003 some HP:0002460)|(PROMOT:2000003 some HP:0008959)
http://snomed.info/id/252482003	Stair-climbing test			(PROMOT:2000003 some HP:0003551)|(PROMOT:2000003 some HP:0033235)
http://snomed.info/id/445993006	Assessment using Jamar hydraulic hand dynamometer (procedure)			(PROMOT:2000003 some HP:0031177)|(PROMOT:2000003 some HP:0030237)|(PROMOT:2000003 some HP:0033466)|(PROMOT:2000003 some HP:0009005)
http://snomed.info/id/428203000	Berg Balance Scale			(PROMOT:2000003 some HP:0002141)
http://snomed.info/id/431527001	10MWT			(PROMOT:2000003 some HP:0002540)|(PROMOT:2000003 some HP:0002505)|(PROMOT:2000003 some HP:0002317)
http://snomed.info/id/840297006	PR outcome			(PROMOT:2000003 some HP:0002015)|(PROMOT:2000003 some HP:0033667)|(PROMOT:2000003 some HP:0002068)|(PROMOT:2000003 some HP:0200136)
PROMOT:0000100	Débimètre expiratoire Peak Flow			(PROMOT:2000003 some HP:0012735)
PROMOT:0000101	Quantative muscle weakness			(PROMOT:2000003 some HP:0009053)|(PROMOT:2000003 some HP:0002460)|(PROMOT:2000003 some HP:0008959)
PROMOT:0000102	Dysphagiemètre, 80 ml, SSQ			(PROMOT:2000003 some HP:0002015)|(PROMOT:2000003 some HP:0200136)|(PROMOT:2000003 some HP:0002068)
PROMOT:0000103	B&L gauge			(PROMOT:2000003 some HP:0003392)
PROMOT:0000104	Bilan dynamométrique avec MedUP			(PROMOT:2000003 some HP:0012515)|(PROMOT:2000003 some HP:0003749)|(PROMOT:2000003 some HP:0003810)|(PROMOT:2000003 some HP:0003694)|(PROMOT:2000003 some HP:0003690)|(PROMOT:2000003 some HP:0003325)|(PROMOT:2000003 some HP:0007340)|(PROMOT:2000003 some HP:0001324)|(PROMOT:2000003 some HP:0003749)|(PROMOT:2000003 some HP:0009063)|(PROMOT:2000003 some HP:0003323)|(PROMOT:2000003 some HP:0009073)|(PROMOT:2000003 some HP:0003701)|(PROMOT:2000003 some HP:0008994)|(PROMOT:2000003 some HP:0008997)|(PROMOT:2000003 some HP:0003731)|(PROMOT:2000003 some HP:0003547)|(PROMOT:2000003 some HP:0003484)
PROMOT:0000105	IOPI			(PROMOT:2000003 some HP:0000183)
HP:0000467	Neck muscle weakness	OPMD Scoping review|OPMD HPO KB associations|CMS Scoping review|CMS HPO DB associations|CM Scoping review|CM HPO KB associations		
HP:0030319	Weakness of facial musculature	OPMD Scoping review|OPMD Survey|OPMD HPO KB associations|CMS Scoping review|CMS HPO DB associations|CM Scoping review|CM HPO KB associations		
HP:0007715	Weak extraocular muscles	OPMD Scoping review|CMS Scoping review|CM Scoping review		
HP:0000597	Ophthalmoparesis	OPMD Scoping review|OPMD Survey|CMS Scoping review|CMS HPO DB associations|CM Scoping review		
HP:0004878	Intercostal muscle weakness	OPMD Scoping review|CMS Scoping review|CM Scoping review|CM HPO KB associations		
HP:0009023	Abdominal wall muscle weakness	OPMD Scoping review|CMS Scoping review|CM Scoping review		
HP:0003327	Axial muscle weakness	OPMD Scoping review|OPMD HPO KB associations|CMS Scoping review|CMS HPO DB associations|CM Scoping review|CM HPO KB associations		
HP:0003722	Neck flexor weakness	OPMD Scoping review|CMS Scoping review|CMS HPO DB associations|CM Scoping review|CM HPO KB associations		
HP:0002141	Gait imbalance	OPMD Scoping review|OPMD Survey|OPMD Patient form		
HP:0002172	Postural instability	OPMD Scoping review|OPMD Survey|OPMD Patient form		
HP:0002317	Unsteady gait	OPMD Scoping review|OPMD Survey|OPMD Patient form		
HP:0003551	Difficulty climbing stairs	OPMD Scoping review|OPMD Patient form		
HP:0033235	Difficulty descending stairs	OPMD Scoping review|OPMD Patient form		
HP:0008994	Proximal muscle weakness in lower limbs	OPMD Scoping review|OPMD Survey|CMS Scoping review|CM Scoping review		
HP:0003749	Pelvic girdle muscle weakness / Hip girdle weakness	OPMD Scoping review|OPMD Survey|OPMD Patient form|CMS Scoping review|CM Scoping review|CM HPO KB associations		
HP:0003731	Quadriceps muscle weakness	OPMD Scoping review|OPMD Survey|CMS Scoping review|CM Scoping review		
HP:0033416	Hip adductor weakness	OPMD Scoping review|OPMD Survey|OPMD Patient form|CMS Scoping review|CM Scoping review		
HP:0012515	Hip flexor weakness	OPMD Scoping review|OPMD Survey|OPMD Patient form|CMS Scoping review|CMS HPO DB associations|CM Scoping review		
HP:0008997	Proximal muscle weakness in upper limbs	OPMD Scoping review|OPMD Survey|OPMD Patient form|CMS Scoping review|CMS HPO DB associations|CM Scoping review		
HP:0003547	Shoulder girdle muscle weakness	OPMD Scoping review|OPMD Survey|OPMD Patient form|CMS Scoping review|CMS HPO DB associations|CM Scoping review|CM HPO KB associations		
HP:0031108	Triceps weakness	OPMD Scoping review|OPMD Survey|CMS Scoping review|CMS HPO DB associations|CM Scoping review		
HP:0009053	Distal lower limb muscle weakness	OPMD Scoping review|OPMD Survey|CMS Scoping review|CMS HPO DB associations|CM Scoping review		
HP:0009027	Foot dorsiflexor weakness	OPMD Scoping review|OPMD Survey|OPMD Patient form|CMS Scoping review|CM Scoping review|CM HPO KB associations		
HP:0011727	Peroneal muscle weakness	OPMD Scoping review|OPMD Survey|CMS Scoping review|CM Scoping review		
HP:0008963	Tibialis muscle weakness	OPMD Scoping review|OPMD Survey|CMS Scoping review|CM Scoping review		
HP:0031374	Ankle weakness	OPMD Scoping review|OPMD Survey|CMS Scoping review|CMS HPO DB associations|CM Scoping review		
HP:0008959	Distal upper limb muscle weakness	OPMD Scoping review|OPMD Survey|OPMD Patient form|CMS Scoping review|CMS HPO DB associations|CM Scoping review|CM HPO KB associations		
HP:0030237	Hand muscle weakness	OPMD Scoping review|OPMD Survey|OPMD Patient form|CMS Scoping review|CMS HPO DB associations|CM Scoping review		
HP:0009077	Weakness of long finger extensor muscles	OPMD Scoping review|OPMD Survey|CMS Scoping review|CMS HPO DB associations|CM Scoping review|CM HPO KB associations		
HP:0009005	Weakness of the intrinsic hand muscles	OPMD Scoping review|OPMD Survey|CMS Scoping review|CMS HPO DB associations|CM Scoping review|CM HPO KB associations		
HP:0031177	Finger flexor weakness	OPMD Scoping review|OPMD Survey|CMS Scoping review|CM Scoping review		
HP:0003392	First dorsal interossei muscle weakness	OPMD Scoping review|OPMD Survey|CMS Scoping review|CM Scoping review		
HP:0003427	Thenar muscle weakness	OPMD Scoping review|OPMD Survey|OPMD Patient form|CMS Scoping review|CM Scoping review		
HP:0003701	Proximal muscle weakness	OPMD Scoping review|OPMD HPO KB associations|CMS Scoping review|CMS HPO DB associations|CM Scoping review|CM HPO KB associations		
HP:0002460	Distal muscle weakness	OPMD Scoping review|OPMD HPO KB associations|CMS Scoping review|CMS HPO DB associations|CM Scoping review|CM HPO KB associations		
HP:0007340	Lower limb muscle weakness	OPMD Scoping review|OPMD Survey|CMS Scoping review|CMS HPO DB associations|CM Scoping review		
HP:0003484	Upper limb muscle weakness	OPMD Scoping review|OPMD Survey|CMS Scoping review|CMS HPO DB associations|CM Scoping review		
HP:0003325	Limb-girdle muscle weakness	OPMD Scoping review|OPMD HPO KB associations|CMS Scoping review|CMS HPO DB associations|CM Scoping review|CM HPO KB associations		
HP:0003690	Limb muscle weakness	OPMD Scoping review|OPMD HPO KB associations|CMS Scoping review|CMS HPO DB associations|CM Scoping review|CM HPO KB associations		
HP:0009063	Progressive distal muscle weakness	OPMD Scoping review|CMS Scoping review|CM Scoping review|CM HPO KB associations		
HP:0009073	Progressive proximal muscle weakness	OPMD Scoping review|CMS Scoping review|CM Scoping review|CM HPO KB associations		
HP:0001324	Muscle weakness	OPMD Scoping review|CMS Scoping review|CMS HPO DB associations|CM Scoping review|CM HPO KB associations		
HP:0003323	Progressive muscle weakness	OPMD Scoping review|CMS Scoping review|CM Scoping review|CM HPO KB associations		
HP:0005216	Impaired mastication	OPMD Article|CMS Scoping review|CMS HPO DB associations|CM Scoping review|CM HPO KB associations		
HP:0030842	Choking episodes	OPMD Article		
HP:0031146	Impaired oral bolus formation	OPMD Article		
HP:0031162	Impaired oropharyngeal swallow response	OPMD Article		
HP:0032043	Odynophagia	OPMD Article		
HP:0002015	Dysphagia	OPMD Article|OPMD Survey|OPMD HPO KB associations|OPMD Patient form|CMS Scoping review|CMS HPO DB associations|CM Scoping review|CM HPO KB associations		
HP:0002068	Neuromuscular dysphagia	OPMD Article|OPMD Survey|CMS Scoping review|CM Scoping review|CM HPO KB associations		
HP:0200136	Oral-pharyngeal dysphagia	OPMD Article|OPMD Survey|CMS Scoping review|CM Scoping review		
HP:0002098	Respiratory distress	OPMD Survey|CMS Scoping review|CMS HPO DB associations|CM Scoping review|CM HPO KB associations		
HP:0002094	Dyspnea	OPMD Survey		
HP:0002747	Respiratory insufficiency due to muscle weakness	OPMD Survey|CMS Scoping review|CMS HPO DB associations|CM Scoping review|CM HPO KB associations		
HP:0002093	Respiratory insufficiency	OPMD Survey|CMS Scoping review|CMS HPO DB associations|CM Scoping review|CM HPO KB associations		
HP:0004347	Weakness of muscles of respiration	OPMD Survey|CMS Scoping review|CM Scoping review|CM HPO KB associations		
HP:0032341	Reduced forced vital capacity	OPMD Survey|CMS Scoping review|CM Scoping review		
HP:0001288	Gait disturbance	OPMD Survey|OPMD HPO KB associations|OPMD Patient form|CMS Scoping review|CMS HPO DB associations|CM Scoping review|CM HPO KB associations		
HP:0000651	Diplopia	OPMD Survey|CMS HPO DB associations		
HP:0001618	Dysphonia	OPMD Survey|OPMD HPO KB associations|CMS Scoping review|CM Scoping review		
HP:0001609	Hoarse voice	OPMD Survey|CMS Scoping review|CM Scoping review|CM HPO KB associations		
HP:0033695	Occupational disability	OPMD Survey		
HP:0012378	Fatigue	OPMD Survey|OPMD HPO KB associations|OPMD Patient form		
HP:0031058	Impairment of activities of daily living	OPMD Survey		
HP:0000602	Ophthalmoplegia	OPMD Survey|OPMD HPO KB associations|CMS Scoping review|CMS HPO DB associations|CM Scoping review|CM HPO KB associations		
HP:0000544	External ophthalmoplegia	OPMD Survey|CMS Scoping review|CM Scoping review|CM HPO KB associations		
HP:0012531	Pain	OPMD Survey|OPMD HPO KB associations|OPMD Patient form|CMS Scoping review		
HP:0033667	Diminished mental health	OPMD Survey		
HP:0000508	Ptosis	OPMD Survey|OPMD HPO KB associations|OPMD Patient form|CMS Scoping review|CMS HPO DB associations|CM Scoping review|CM HPO KB associations		
HP:0000183	Tongue muscle weakness	OPMD Survey		
HP:6001011	Wet voice	OPMD Survey		
HP:0000006	Autosomal dominant inheritance	OPMD HPO KB associations|CMS HPO DB associations|CM HPO KB associations		
HP:0003584	Late onset	OPMD HPO KB associations		
HP:0011968	Feeding difficulties	OPMD HPO KB associations|OPMD Patient form|CMS Scoping review|CMS HPO DB associations|CM Scoping review|CM HPO KB associations		
HP:0003676	Progressive	OPMD HPO KB associations		
HP:0003236	Elevated circulating creatine kinase concentration	OPMD HPO KB associations|CMS Scoping review|CMS HPO DB associations|CM Scoping review|CM HPO KB associations		
HP:0007838	Progressive ptosis	OPMD HPO KB associations		
HP:0012473	Tongue atrophy	OPMD HPO KB associations		
HP:0001611	Hypernasal speech	OPMD HPO KB associations		
HP:0001260	Dysarthria	OPMD HPO KB associations		
HP:0008988	Pelvic girdle muscle atrophy	OPMD Patient form		
HP:0012735	Cough 	OPMD Patient form		
HP:0033466	Weak grip	OPMD Patient form		
HP:0000007	Autosomal recessive inheritance	OPMD Medical expert|CMS HPO DB associations|CM HPO KB associations		
HP:0003458	EMG: myopathic abnormalities	OPMD Medical expert|CMS Scoping review|CMS HPO DB associations|CM Scoping review|CM HPO KB associations		
HP:0012497	Reduced maximal expiratory pressure	OPMD Medical expert		
HP:0002828	Multiple joint contractures	CMS Scoping review|CM Scoping review|CM HPO KB associations		
HP:0002483	Bulbar signs	CMS Scoping review|CM Scoping review|CM HPO KB associations		
HP:0030193	Fatigable weakness of chewing muscles	CMS Scoping review|CM Scoping review		
HP:0001270	Motor delay	CMS Scoping review|CMS HPO DB associations|CM Scoping review|CM HPO KB associations		
HP:0031936	Delayed ability to walk 	CMS Scoping review|CM Scoping review|CM HPO KB associations		
HP:0033580	Compound motor action potential abnormality	CMS Scoping review		
PROMOT:0000106	Double compound motor action potential abnormality	CMS Scoping review		
HP:0030000	EMG: repetitive nerve stimulation abnormality	CMS Scoping review|CM Scoping review		
HP:0003398	Abnormal synaptic transmission at the neuromuscular junction 	CMS Scoping review|CMS HPO DB associations|CM Scoping review		
HP:0003445	EMG: neuropathic changes	CMS Scoping review|CM Scoping review|CM HPO KB associations		
HP:0003403	EMG: decremental response of compound muscle action potential to repetitive nerve stimulation  	CMS Scoping review|CMS HPO DB associations|CM Scoping review		
HP:0008872	Feeding difficulties in infancy	CMS Scoping review|CMS HPO DB associations|CM Scoping review|CM HPO KB associations		
HP:0002033	Poor suck	CMS Scoping review|CMS HPO DB associations|CM Scoping review		
HP:0031914	Fluctuating	CMS Scoping review|CM Scoping review		
HP:0002515	Waddling gait	CMS Scoping review|CMS HPO DB associations|CM Scoping review|CM HPO KB associations		
HP:0002359	Frequent falls	CMS Scoping review|CMS HPO DB associations|CM Scoping review|CM HPO KB associations		
HP:0002540	Inability to walk	CMS Scoping review|CMS HPO DB associations|CM Scoping review|CM HPO KB associations		
HP:0009046	Difficulty running	CMS Scoping review|CM Scoping review|CM HPO KB associations		
HP:0002505	Loss of ambulation	CMS Scoping review|CM Scoping review|CM HPO KB associations		
HP:0003473	Fatigable weakness	CMS Scoping review|CMS HPO DB associations|CM Scoping review|CM HPO KB associations		
HP:0030196	Fatigable weakness of respiratory muscles 	CMS Scoping review|CMS HPO DB associations|CM Scoping review|CM HPO KB associations		
HP:0030198	Fatigable weakness of distal limb muscles	CMS Scoping review|CM Scoping review|CM HPO KB associations		
HP:0030199	Fatigable weakness of neck muscles 	CMS Scoping review|CMS HPO DB associations|CM Scoping review		
HP:0030200	Fatiguable weakness of proximal limb muscles 	CMS Scoping review|CM Scoping review|CM HPO KB associations		
HP:0030192	Fatigable weakness of bulbar muscles 	CMS Scoping review|CMS HPO DB associations|CM Scoping review|CM HPO KB associations		
HP:0030194	Fatigable weakness of speech muscles 	CMS Scoping review|CM Scoping review		
HP:0030195	Fatigable weakness of swallowing muscles 	CMS Scoping review|CM Scoping review|CM HPO KB associations		
HP:0030197	Fatigable weakness of skeletal muscles	CMS Scoping review|CMS HPO DB associations|CM Scoping review		
HP:0003391	Gowers sign	CMS Scoping review|CMS HPO DB associations|CM Scoping review|CM HPO KB associations		
HP:0003307	Hyperlordosis	CMS Scoping review|CMS HPO DB associations|CM Scoping review|CM HPO KB associations		
HP:0001252	Hypotonia	CMS Scoping review|CMS HPO DB associations|CM Scoping review|CM HPO KB associations		
HP:0001319	Neonatal hypotonia	CMS Scoping review|CMS HPO DB associations|CM Scoping review|CM HPO KB associations		
HP:0009028	Generalized weakness of limb muscles	CMS Scoping review|CMS HPO DB associations|CM Scoping review		
HP:0003694	Late-onset proximal muscle weakness	CMS Scoping review|CM Scoping review		
HP:0003810	Late-onset distal muscle weakness	CMS Scoping review|CM Scoping review|CM HPO KB associations		
HP:0000496	Abnormality of eye movement	CMS Scoping review|CMS HPO DB associations|CM Scoping review		
HP:0007941	Limited extraocular movements	CMS Scoping review|CMS HPO DB associations|CM Scoping review		
HP:0003326	Myalgia	CMS Scoping review		
HP:0003394	Muscle spasm	CMS Scoping review|CMS HPO DB associations		
HP:0007695	Abnormal pupillary light reflex	CMS Scoping review		
HP:0030211	Slow pupillary light response	CMS Scoping review|CMS HPO DB associations		
HP:0001558	Decreased fetal movement	CMS Scoping review|CMS HPO DB associations|CM Scoping review|CM HPO KB associations		
HP:0001315	Reduced tendon reflexes 	CMS Scoping review|CMS HPO DB associations|CM Scoping review|CM HPO KB associations		
HP:0031826	Abnormal reflex	CMS Scoping review|CM Scoping review		
HP:0001284	Areflexia	CMS Scoping review|CMS HPO DB associations|CM Scoping review|CM HPO KB associations		
HP:0001265	Hyporeflexia	CMS Scoping review|CMS HPO DB associations|CM Scoping review|CM HPO KB associations		
HP:0002600	Hyporeflexia of lower limbs	CMS Scoping review|CM Scoping review		
HP:0002522	Areflexia of lower limbs	CMS Scoping review|CM Scoping review		
HP:0002104	Apnea	CMS Scoping review|CM Scoping review|CM HPO KB associations		
HP:0002878	Respiratory failure	CMS Scoping review|CMS HPO DB associations|CM Scoping review|CM HPO KB associations		
HP:0004887	Respiratory failure requiring assisted ventilation	CMS Scoping review|CM Scoping review|CM HPO KB associations		
HP:0002643	Neonatal respiratory distress	CMS Scoping review|CMS HPO DB associations|CM Scoping review|CM HPO KB associations		
HP:0005949	Apneic episodes in infancy	CMS Scoping review|CM Scoping review		
HP:0004889	Intermittent episodes of respiratory insufficiency due to muscle weakness	CMS Scoping review|CM Scoping review|CM HPO KB associations		
HP:0004885	Episodic respiratory distress	CMS Scoping review|CM Scoping review		
HP:0002650	Scoliosis	CMS Scoping review|CMS HPO DB associations|CM Scoping review|CM HPO KB associations		
HP:0002751	Kyphoscoliosis	CMS Scoping review|CM Scoping review|CM HPO KB associations		
HP:0030006	Single fiber EMG abnormality	CMS Scoping review		
HP:0030205	Increased jitter at single fiber EMG	CMS Scoping review|CMS HPO DB associations		
HP:0008180	Mildly elevated creatine kinase	CMS Scoping review|CMS HPO DB associations|CM Scoping review|CM HPO KB associations		
HP:0040081	Abnormal circulating creatine kinase concentration	CMS Scoping review|CM Scoping review|CM HPO KB associations		
HP:0030202	Favorable response of weakness to acetylcholine esterase inhibitors	CMS Scoping review|CMS HPO DB associations		
HP:0030203	Unfavorable response of muscle weakness to acetylcholine esterase inhibitors	CMS Scoping review|CMS HPO DB associations		
HP:0002804	Arthrogryposis multiplex congenita	CMS HPO DB associations|CM HPO KB associations		
HP:0002882	Sudden episodic apnea	CMS HPO DB associations		
HP:0000218	High palate	CMS HPO DB associations|CM Scoping review|CM HPO KB associations		
HP:0001612	Weak cry	CMS HPO DB associations		
HP:0033454	Tube feeding	CMS HPO DB associations|CM Scoping review|CM HPO KB associations		
HP:0001249	Intellectual disability	CMS HPO DB associations|CM HPO KB associations		
HP:0003593	Infantile onset	CMS HPO DB associations|CM HPO KB associations		
HP:0003577	Congenital onset	CMS HPO DB associations|CM HPO KB associations		
HP:0003623	Neonatal onset	CMS HPO DB associations|CM HPO KB associations		
HP:0011463	Childhood onset	CMS HPO DB associations|CM HPO KB associations		
HP:0003621	Juvenile onset	CMS HPO DB associations		
HP:0012768	Neonatal asphyxia	CM Scoping review		
HP:0025156	Dependency on intravenous nutrition	CM Scoping review		
HP:0033994	Dependency on parenteral nutrition	CM Scoping review		
HP:0030884	Gastrojejunal tube feeding in infancy	CM Scoping review		
HP:0040288	Nasogastric tube feeding	CM Scoping review|CM HPO KB associations		
HP:0031063	Impaired feeding ability	CM Scoping review		
HP:0011471	Gastrostomy tube feeding in infancy	CM Scoping review|CM HPO KB associations		
HP:0011470	Nasogastric tube feeding in infancy	CM Scoping review|CM HPO KB associations		
HP:0001627	Abnormal heart morphology	CM Scoping review|CM HPO KB associations		
HP:0030872	Abnormal cardiac ventricular function	CM Scoping review		
HP:0001713	Abnormal cardiac ventricle morphology	CM Scoping review		
HP:0001638	Cardiomyopathy	CM Scoping review|CM HPO KB associations		
HP:0001374	Congenital hip dislocation	CM Scoping review|CM HPO KB associations		
HP:0000276	Long face	CM Scoping review|CM HPO KB associations		
HP:0001508	Failure to thrive	CM Scoping review|CM HPO KB associations		
HP:0001531	Failure to thrive in infancy	CM Scoping review		
HP:0002705	High, narrow palate	CM Scoping review|CM HPO KB associations		
HP:0002047	Malignant hyperthermia	CM Scoping review|CM HPO KB associations		
HP:0002058	Myopathic facies	CM Scoping review|CM HPO KB associations		
HP:0001761	Pes cavus	CM Scoping review|CM HPO KB associations		
HP:0000768	Pectus carinatum	CM Scoping review		
HP:0000767	Pectus excavatum	CM Scoping review|CM HPO KB associations		
HP:0001622	Premature birth	CM Scoping review|CM HPO KB associations		
HP:0001989	Fetal akinesia sequence	CM Scoping review|CM HPO KB associations		
HP:0003306	Spinal rigidity	CM Scoping review|CM HPO KB associations		
HP:6000327	Thoracic cage flatness	CM Scoping review		
HP:0001547	Abnormal rib cage morphology 	CM Scoping review|CM HPO KB associations		
HP:0000886	Deformed rib cage 	CM Scoping review		
HP:0003691	Scapular winging	CM Scoping review|CM HPO KB associations		
HP:0000774	Narrow chest	CM Scoping review|CM HPO KB associations		
HP:0002808	Kyphosis	CM Scoping review|CM HPO KB associations		
HP:0000028	Cryptorchidism	CM Scoping review|CM HPO KB associations		
HP:0003552	Muscle stiffness	CM HPO KB associations		
HP:0004322	Short stature	CM HPO KB associations		
HP:0004325	Decreased body weight	CM HPO KB associations		
HP:0003457	EMG abnormality	CM HPO KB associations		
HP:0001387	Joint stiffness	CM HPO KB associations		
HP:0000486	Strabismus	CM HPO KB associations		
HP:0003819	Death in childhood	CM HPO KB associations		
HP:0003811	Neonatal death	CM HPO KB associations		
HP:0011462	Young adult onset	CM HPO KB associations		
