ID,Label FR,Label ES
ID,AL rdfs:label@fr,AL rdfs:label@es
http://id.who.int/icd/entity/567313968,Fonctions organiques,Funciones corporales
http://id.who.int/icd/entity/1363559646,Fonctions mentales,Funciones mentales
http://id.who.int/icd/entity/882590883,Fonctions mentales globales,Funciones mentales globales
http://id.who.int/icd/entity/723665457,Fonctions de l'énergie et des pulsions,Funciones de la energía y de los impulsos
http://id.who.int/icd/entity/1864074583,Niveau d'énergie,Nivel de energía
http://id.who.int/icd/entity/134464731,Fonctions mentales spécifiques,Funciones mentales específicas
http://id.who.int/icd/entity/1811133755,Fonctions mentales du langage,Funciones mentales del lenguaje
http://id.who.int/icd/entity/1819639191,Réception du langage,Recepción de lenguaje
http://id.who.int/icd/entity/75971722,Réception du langage parlé,Recepción de lenguaje oral
http://id.who.int/icd/entity/2069698903,Expression du langage,Expresión de lenguaje
http://id.who.int/icd/entity/2052957777,Expression du langage parlé,Expresión de lenguaje oral
http://id.who.int/icd/entity/1916167881,Fonctions sensorielles et douleur,Funciones sensoriales y dolor
http://id.who.int/icd/entity/890173921,Fonctions visuelles et fonctions connexes,Visión y funciones relacionadas
http://id.who.int/icd/entity/2031311308,Fonctions des annexes de l'œil,Funciones de las estructuras adyacentes al ojo
http://id.who.int/icd/entity/2021370201,Fonctions de la paupière,Funciones del párpado
http://id.who.int/icd/entity/1255154286,Fonctions de l'audition et fonctions vestibulaires,Funciones auditivas y vestibulares
http://id.who.int/icd/entity/1607952955,Fonctions vestibulaires,Función vestibular
http://id.who.int/icd/entity/1831985718,Fonction vestibulaire de l'équilibre,Función vestibular relacionada con el equilibrio
http://id.who.int/icd/entity/203515404,Douleur,Dolor
http://id.who.int/icd/entity/894218497,Sensation de douleur,Sensación de dolor
http://id.who.int/icd/entity/893697482,Douleur généralisée,Dolor generalizado
http://id.who.int/icd/entity/577558794,Douleur dans une partie du corps,Dolor en una parte del cuerpo
http://id.who.int/icd/entity/299098423,Douleur à la tête et au cou,Dolor en la cabeza y el cuello
http://id.who.int/icd/entity/117147127,Douleur dans la poitrine,Dolor en el pecho
http://id.who.int/icd/entity/1065560247,Douleur à l'estomac ou dans l'abdomen,Dolor en el estómago o en el abdomen
http://id.who.int/icd/entity/682314871,Douleur dans le dos,Dolor en la espalda
http://id.who.int/icd/entity/1299345975,Douleur au membre supérieur,Dolor en una extremidad superior
http://id.who.int/icd/entity/1515853559,Douleur au membre inférieur,Dolor en una extremidad inferior
http://id.who.int/icd/entity/454325322,Douleurs à localisations multiples,Dolor en múltiples partes del cuerpo
http://id.who.int/icd/entity/388067588,Fonctions de la voix et de la parole,Funciones de la voz y del habla
http://id.who.int/icd/entity/712570723,Fonctions de la voix,Funciones de la voz
http://id.who.int/icd/entity/1846694084,Qualité de la voix,Calidad de la voz
http://id.who.int/icd/entity/1919311435,Fonctions d'articulation,Funciones de articulación
http://id.who.int/icd/entity/213697684,Fonctions de fluidité et de rythme de la parole,Funciones relacionadas con la fluidez y el ritmo del habla
http://id.who.int/icd/entity/2069371821,Rythme de la parole,Ritmo del habla
http://id.who.int/icd/entity/1109440237,Vitesse de la parole,Velocidad del habla
http://id.who.int/icd/entity/1426641453,Mélodie de la parole,Melodía del habla
http://id.who.int/icd/entity/1034220517,Autres fonctions de vocalisation,Funciones alternativas de vocalización
http://id.who.int/icd/entity/326705068,"Fonctions des systèmes cardiovasculaire, hématopoïétique, immunitaire et respiratoire","Funciones de los sistemas cardiovascular, hematológico, inmunológico y respiratorio"
http://id.who.int/icd/entity/744367503,Fonctions du système respiratoire,Funciones del sistema respiratorio
http://id.who.int/icd/entity/446199613,Fonctions respiratoires,Funciones respiratorias
http://id.who.int/icd/entity/1360101629,Fonctions des muscles respiratoires,Funciones de los músculos respiratorios
http://id.who.int/icd/entity/850289698,"Fonctions des systèmes digestif, métabolique et endocrinien","Funciones de los sistemas digestivo, metabólico y endocrino"
http://id.who.int/icd/entity/1976873960,Fonctions relatives au système digestif,Funciones relacionadas con el sistema digestivo
http://id.who.int/icd/entity/363211474,Fonctions d'ingestion,Funciones relacionadas con la ingestión
http://id.who.int/icd/entity/2089171534,Sucer,Succión
http://id.who.int/icd/entity/1806589582,Mordre,Morder
http://id.who.int/icd/entity/1389818830,Mastiquer,Masticación
http://id.who.int/icd/entity/1174312718,Travailler les aliments dans la bouche,Manipulación de la comida en la boca
http://id.who.int/icd/entity/539470158,Saliver,Salivación
http://id.who.int/icd/entity/923782542,Déglutir,Tragar
http://id.who.int/icd/entity/161488596,Fonctions de l'appareil locomoteur et liées au mouvement,Funciones neuromusculoesqueléticas y relacionadas con el movimiento
http://id.who.int/icd/entity/1164313611,Fonctions musculaires,Funciones musculares
http://id.who.int/icd/entity/274570113,Fonctions relatives à la puissance musculaire,Funciones relacionadas con la fuerza muscular
http://id.who.int/icd/entity/1789365017,Puissance des muscles isolés et des groupes de muscles,Fuerza de músculos aislados o de grupos de músculos
http://id.who.int/icd/entity/1407133273,Puissance des muscles de la moitié inférieure du corps,Fuerza de los músculos de la mitad inferior del cuerpo
http://id.who.int/icd/entity/556694745,Puissance des muscles du tronc,Fuerza de los músculos del tronco
http://id.who.int/icd/entity/627064928,Fonctions liées au mouvement,Funciones relacionadas con el movimiento
http://id.who.int/icd/entity/576915490,Fonctions relatives aux réactions motrices involontaires,Funciones relacionadas con los reflejos de movimiento involuntario
http://id.who.int/icd/entity/1328466963,Fonctions relatives au type de démarche,Funciones relacionadas con el patrón de la marcha
http://id.who.int/icd/entity/1394728112,Activités et participation,Actividades y participación
http://id.who.int/icd/entity/1828012543,Communication,Comunicación
http://id.who.int/icd/entity/909196092,Communiquer produire des messages,Comunicación producción
http://id.who.int/icd/entity/151046878,Parler,Hablar
http://id.who.int/icd/entity/2048203604,Mobilité,Movilidad
http://id.who.int/icd/entity/1266389839,Changer et maintenir la position du corps,Cambiar y mantener la posición del cuerpo
http://id.who.int/icd/entity/150502901,Changer la position corporelle de base,Cambiar las posturas corporales básicas
http://id.who.int/icd/entity/1334556216,Marcher et se déplacer,Andar y moverse
http://id.who.int/icd/entity/1550548595,Marcher,Andar
http://id.who.int/icd/entity/555410497,Marcher sur de courtes distances,Andar distancias cortas
http://id.who.int/icd/entity/1993770860,Monter et descendre des escaliers,Subir y bajar escaleras
http://id.who.int/icd/entity/1608009360,Entretien personnel,Autocuidado
http://id.who.int/icd/entity/1328675264,Manger,Comer
http://id.who.int/icd/entity/553784299,Boire,Beber
http://id.who.int/icd/entity/1626363729,Structures anatomiques,Estructuras corporales
http://id.who.int/icd/entity/1843740951,"Oeil, oreille et structures annexes","Capítulo 2 el ojo, el oído y estructuras relacionadas"
http://id.who.int/icd/entity/246722870,Structures entourant l'œil,Estructuras periféricas oculares
http://id.who.int/icd/entity/405925948,Muscles oculomoteurs,Músculos oculares externos
http://id.who.int/icd/entity/426292658,Structure de l'oreille interne,Estructura del oído interno
http://id.who.int/icd/entity/68679181,Vestibule,Laberinto vestibular
http://id.who.int/icd/entity/521411479,"Structures des systèmes cardio-vasculaire, immunitaire et respiratoire","Capítulo 4 estructuras de los sistemas cardiovascular, inmunológico y respiratorio"
http://id.who.int/icd/entity/829058183,Structure du système respiratoire,Estructura del sistema respiratorio
http://id.who.int/icd/entity/870135798,Poumons,Pulmones
http://id.who.int/icd/entity/495844982,Muscles respiratoires,Músculos de la respiración
http://id.who.int/icd/entity/1571232890,Muscles intercostaux,Músculos intercostales
http://id.who.int/icd/entity/138182487,"Structures liées aux systèmes digestif, métabolique et endocrinien","Capítulo 5 estructuras relacionadas con los sistemas digestivo, metabólico y endocrino"
http://id.who.int/icd/entity/256640543,Structure des glandes salivaires,Estructura de las glándulas salivales
http://id.who.int/icd/entity/644658903,Structures liées au mouvement,Capítulo 7 estructuras relacionadas con el movimiento
http://id.who.int/icd/entity/436620656,Structure de la région de la tête et du cou,Estructura de la cabeza y de la región del cuello
http://id.who.int/icd/entity/1874889854,Muscles de la région de la tête et du cou,Músculos de la cabeza y de la región del cuello
http://id.who.int/icd/entity/1108927576,Structure de la région des épaules,Estructura de la región del hombro
http://id.who.int/icd/entity/278512890,Muscles de la région des épaules,Músculos de la región del hombro
http://id.who.int/icd/entity/1019379329,Structure du membre supérieur,Estructura de la extremidad superior
http://id.who.int/icd/entity/640373779,Structure du bras,Estructura del brazo
http://id.who.int/icd/entity/1867012554,Muscles du bras,Músculos del brazo
http://id.who.int/icd/entity/822292691,Structure de l'avant-bras,Estructura del antebrazo
http://id.who.int/icd/entity/294830867,Muscles de l'avant-bras,Músculos del antebrazo
http://id.who.int/icd/entity/142318995,Structure de la main,Estructura de la mano
http://id.who.int/icd/entity/1233939003,Muscles de la main,Músculos de la mano
http://id.who.int/icd/entity/232409592,Structure de la région pelvienne,Estructura de la región pélvica
http://id.who.int/icd/entity/793188683,Muscles de la région pelvienne,Músculos de la región pélvica
http://id.who.int/icd/entity/1929433903,Structure du membre inférieur,Estructura de la extremidad inferior
http://id.who.int/icd/entity/435521956,Structure de la cuisse,Estructura del muslo
http://id.who.int/icd/entity/1794398084,Muscles de la cuisse,Músculos del muslo
http://id.who.int/icd/entity/249425252,Structure de la jambe,Estructura de la pierna
http://id.who.int/icd/entity/338611549,Muscles de la jambe,Músculos de la pierna
http://id.who.int/icd/entity/933576740,Structure de la cheville et pied,Estructura del tobillo y pie
http://id.who.int/icd/entity/1278239861,Muscles de la cheville et du pied,Músculos del tobillo y del pie
http://id.who.int/icd/entity/723417607,Structure du tronc,Estructura del tronco
http://id.who.int/icd/entity/58064740,Muscles du tronc,Músculos del tronco
