subject_id	predicate_id	object_id	mapping_justification	author_id	mapping_date	confidence
http://id.who.int/icd/entity/1014916094	skos:exactMatch	https://data.esante.gouv.fr/terminologies/icf#93600	semapv:ManualMappingCuration	orcid:0009-0000-5160-7927	2026-01-14	1
http://id.who.int/icd/entity/1019379329	skos:exactMatch	https://data.esante.gouv.fr/terminologies/icf#99223	semapv:ManualMappingCuration	orcid:0009-0000-5160-7927	2026-01-14	1
http://id.who.int/icd/entity/1034220517	skos:exactMatch	https://data.esante.gouv.fr/terminologies/icf#45682	semapv:ManualMappingCuration	orcid:0009-0000-5160-7927	2026-01-14	1
http://id.who.int/icd/entity/1041382491	skos:exactMatch	https://data.esante.gouv.fr/terminologies/icf#65084	semapv:ManualMappingCuration	orcid:0009-0000-5160-7927	2026-01-14	1
http://id.who.int/icd/entity/1065560247	skos:exactMatch	https://data.esante.gouv.fr/terminologies/icf#74415	semapv:ManualMappingCuration	orcid:0009-0000-5160-7927	2026-01-14	1
http://id.who.int/icd/entity/1083127119	skos:exactMatch	https://data.esante.gouv.fr/terminologies/icf#32287	semapv:ManualMappingCuration	orcid:0009-0000-5160-7927	2026-01-14	1
http://id.who.int/icd/entity/1090716697	skos:exactMatch	https://data.esante.gouv.fr/terminologies/icf#70460	semapv:ManualMappingCuration	orcid:0009-0000-5160-7927	2026-01-14	1
http://id.who.int/icd/entity/1104062484	skos:exactMatch	https://data.esante.gouv.fr/terminologies/icf#25814	semapv:ManualMappingCuration	orcid:0009-0000-5160-7927	2026-01-14	1
http://id.who.int/icd/entity/1108927576	skos:exactMatch	https://data.esante.gouv.fr/terminologies/icf#41776	semapv:ManualMappingCuration	orcid:0009-0000-5160-7927	2026-01-14	1
http://id.who.int/icd/entity/1109440237	skos:exactMatch	https://data.esante.gouv.fr/terminologies/icf#63222	semapv:ManualMappingCuration	orcid:0009-0000-5160-7927	2026-01-14	1
http://id.who.int/icd/entity/1131514421	skos:exactMatch	https://data.esante.gouv.fr/terminologies/icf#77792	semapv:ManualMappingCuration	orcid:0009-0000-5160-7927	2026-01-14	1
http://id.who.int/icd/entity/1134562249	skos:exactMatch	https://data.esante.gouv.fr/terminologies/icf#17533	semapv:ManualMappingCuration	orcid:0009-0000-5160-7927	2026-01-14	1
http://id.who.int/icd/entity/1143753652	skos:exactMatch	https://data.esante.gouv.fr/terminologies/icf#6028	semapv:ManualMappingCuration	orcid:0009-0000-5160-7927	2026-01-14	1
http://id.who.int/icd/entity/1145793041	skos:exactMatch	https://data.esante.gouv.fr/terminologies/icf#91564	semapv:ManualMappingCuration	orcid:0009-0000-5160-7927	2026-01-14	1
http://id.who.int/icd/entity/1164313611	skos:exactMatch	https://data.esante.gouv.fr/terminologies/icf#41219	semapv:ManualMappingCuration	orcid:0009-0000-5160-7927	2026-01-14	1
http://id.who.int/icd/entity/117147127	skos:exactMatch	https://data.esante.gouv.fr/terminologies/icf#41527	semapv:ManualMappingCuration	orcid:0009-0000-5160-7927	2026-01-14	1
http://id.who.int/icd/entity/1174312718	skos:exactMatch	https://data.esante.gouv.fr/terminologies/icf#14753	semapv:ManualMappingCuration	orcid:0009-0000-5160-7927	2026-01-14	1
http://id.who.int/icd/entity/1182439715	skos:exactMatch	https://data.esante.gouv.fr/terminologies/icf#99004	semapv:ManualMappingCuration	orcid:0009-0000-5160-7927	2026-01-14	1
http://id.who.int/icd/entity/1233939003	skos:exactMatch	https://data.esante.gouv.fr/terminologies/icf#3451	semapv:ManualMappingCuration	orcid:0009-0000-5160-7927	2026-01-14	1
http://id.who.int/icd/entity/1255154286	skos:exactMatch	https://data.esante.gouv.fr/terminologies/icf#24170	semapv:ManualMappingCuration	orcid:0009-0000-5160-7927	2026-01-14	1
http://id.who.int/icd/entity/1264948861	skos:exactMatch	https://data.esante.gouv.fr/terminologies/icf#11758	semapv:ManualMappingCuration	orcid:0009-0000-5160-7927	2026-01-14	1
http://id.who.int/icd/entity/126518990	skos:exactMatch	https://data.esante.gouv.fr/terminologies/icf#85968	semapv:ManualMappingCuration	orcid:0009-0000-5160-7927	2026-01-14	1
http://id.who.int/icd/entity/1266389839	skos:exactMatch	https://data.esante.gouv.fr/terminologies/icf#54638	semapv:ManualMappingCuration	orcid:0009-0000-5160-7927	2026-01-14	1
http://id.who.int/icd/entity/1278239861	skos:exactMatch	https://data.esante.gouv.fr/terminologies/icf#23289	semapv:ManualMappingCuration	orcid:0009-0000-5160-7927	2026-01-14	1
http://id.who.int/icd/entity/1299345975	skos:exactMatch	https://data.esante.gouv.fr/terminologies/icf#23587	semapv:ManualMappingCuration	orcid:0009-0000-5160-7927	2026-01-14	1
http://id.who.int/icd/entity/1314143106	skos:exactMatch	https://data.esante.gouv.fr/terminologies/icf#24307	semapv:ManualMappingCuration	orcid:0009-0000-5160-7927	2026-01-14	1
http://id.who.int/icd/entity/1328466963	skos:exactMatch	https://data.esante.gouv.fr/terminologies/icf#49260	semapv:ManualMappingCuration	orcid:0009-0000-5160-7927	2026-01-14	1
http://id.who.int/icd/entity/1328675264	skos:exactMatch	https://data.esante.gouv.fr/terminologies/icf#40724	semapv:ManualMappingCuration	orcid:0009-0000-5160-7927	2026-01-14	1
http://id.who.int/icd/entity/1334556216	skos:exactMatch	https://data.esante.gouv.fr/terminologies/icf#35548	semapv:ManualMappingCuration	orcid:0009-0000-5160-7927	2026-01-14	1
http://id.who.int/icd/entity/134464731	skos:exactMatch	https://data.esante.gouv.fr/terminologies/icf#17028	semapv:ManualMappingCuration	orcid:0009-0000-5160-7927	2026-01-14	1
http://id.who.int/icd/entity/1360101629	skos:exactMatch	https://data.esante.gouv.fr/terminologies/icf#33585	semapv:ManualMappingCuration	orcid:0009-0000-5160-7927	2026-01-14	1
http://id.who.int/icd/entity/1364393443	skos:exactMatch	https://data.esante.gouv.fr/terminologies/icf#76265	semapv:ManualMappingCuration	orcid:0009-0000-5160-7927	2026-01-14	1
http://id.who.int/icd/entity/1371343352	skos:exactMatch	https://data.esante.gouv.fr/terminologies/icf#1201	semapv:ManualMappingCuration	orcid:0009-0000-5160-7927	2026-01-14	1
http://id.who.int/icd/entity/1389818830	skos:exactMatch	https://data.esante.gouv.fr/terminologies/icf#32259	semapv:ManualMappingCuration	orcid:0009-0000-5160-7927	2026-01-14	1
http://id.who.int/icd/entity/1398348540	skos:exactMatch	https://data.esante.gouv.fr/terminologies/icf#80977	semapv:ManualMappingCuration	orcid:0009-0000-5160-7927	2026-01-14	1
http://id.who.int/icd/entity/1399000785	skos:exactMatch	https://data.esante.gouv.fr/terminologies/icf#62553	semapv:ManualMappingCuration	orcid:0009-0000-5160-7927	2026-01-14	1
http://id.who.int/icd/entity/1401433117	skos:exactMatch	https://data.esante.gouv.fr/terminologies/icf#85236	semapv:ManualMappingCuration	orcid:0009-0000-5160-7927	2026-01-14	1
http://id.who.int/icd/entity/1401748164	skos:exactMatch	https://data.esante.gouv.fr/terminologies/icf#23251	semapv:ManualMappingCuration	orcid:0009-0000-5160-7927	2026-01-14	1
http://id.who.int/icd/entity/1405368356	skos:exactMatch	https://data.esante.gouv.fr/terminologies/icf#5101	semapv:ManualMappingCuration	orcid:0009-0000-5160-7927	2026-01-14	1
http://id.who.int/icd/entity/142318995	skos:exactMatch	https://data.esante.gouv.fr/terminologies/icf#70070	semapv:ManualMappingCuration	orcid:0009-0000-5160-7927	2026-01-14	1
http://id.who.int/icd/entity/1426641453	skos:exactMatch	https://data.esante.gouv.fr/terminologies/icf#50484	semapv:ManualMappingCuration	orcid:0009-0000-5160-7927	2026-01-14	1
http://id.who.int/icd/entity/1432017555	skos:exactMatch	https://data.esante.gouv.fr/terminologies/icf#58372	semapv:ManualMappingCuration	orcid:0009-0000-5160-7927	2026-01-14	1
http://id.who.int/icd/entity/1434015402	skos:exactMatch	https://data.esante.gouv.fr/terminologies/icf#39307	semapv:ManualMappingCuration	orcid:0009-0000-5160-7927	2026-01-14	1
http://id.who.int/icd/entity/1438965984	skos:exactMatch	https://data.esante.gouv.fr/terminologies/icf#55321	semapv:ManualMappingCuration	orcid:0009-0000-5160-7927	2026-01-14	1
http://id.who.int/icd/entity/1452836727	skos:exactMatch	https://data.esante.gouv.fr/terminologies/icf#11323	semapv:ManualMappingCuration	orcid:0009-0000-5160-7927	2026-01-14	1
http://id.who.int/icd/entity/1462755743	skos:exactMatch	https://data.esante.gouv.fr/terminologies/icf#818	semapv:ManualMappingCuration	orcid:0009-0000-5160-7927	2026-01-14	1
http://id.who.int/icd/entity/1470583183	skos:exactMatch	https://data.esante.gouv.fr/terminologies/icf#4049	semapv:ManualMappingCuration	orcid:0009-0000-5160-7927	2026-01-14	1
http://id.who.int/icd/entity/1474003417	skos:exactMatch	https://data.esante.gouv.fr/terminologies/icf#74539	semapv:ManualMappingCuration	orcid:0009-0000-5160-7927	2026-01-14	1
http://id.who.int/icd/entity/150502901	skos:exactMatch	https://data.esante.gouv.fr/terminologies/icf#82751	semapv:ManualMappingCuration	orcid:0009-0000-5160-7927	2026-01-14	1
http://id.who.int/icd/entity/151046878	skos:exactMatch	https://data.esante.gouv.fr/terminologies/icf#44403	semapv:ManualMappingCuration	orcid:0009-0000-5160-7927	2026-01-14	1
http://id.who.int/icd/entity/1515853559	skos:exactMatch	https://data.esante.gouv.fr/terminologies/icf#81894	semapv:ManualMappingCuration	orcid:0009-0000-5160-7927	2026-01-14	1
http://id.who.int/icd/entity/1521707777	skos:exactMatch	https://data.esante.gouv.fr/terminologies/icf#5731	semapv:ManualMappingCuration	orcid:0009-0000-5160-7927	2026-01-14	1
http://id.who.int/icd/entity/1525383756	skos:exactMatch	https://data.esante.gouv.fr/terminologies/icf#13932	semapv:ManualMappingCuration	orcid:0009-0000-5160-7927	2026-01-14	1
http://id.who.int/icd/entity/1526093901	skos:exactMatch	https://data.esante.gouv.fr/terminologies/icf#64877	semapv:ManualMappingCuration	orcid:0009-0000-5160-7927	2026-01-14	1
http://id.who.int/icd/entity/1528299701	skos:exactMatch	https://data.esante.gouv.fr/terminologies/icf#76128	semapv:ManualMappingCuration	orcid:0009-0000-5160-7927	2026-01-14	1
http://id.who.int/icd/entity/1550548595	skos:exactMatch	https://data.esante.gouv.fr/terminologies/icf#68663	semapv:ManualMappingCuration	orcid:0009-0000-5160-7927	2026-01-14	1
http://id.who.int/icd/entity/1571232890	skos:exactMatch	https://data.esante.gouv.fr/terminologies/icf#75024	semapv:ManualMappingCuration	orcid:0009-0000-5160-7927	2026-01-14	1
http://id.who.int/icd/entity/1590369495	skos:exactMatch	https://data.esante.gouv.fr/terminologies/icf#8478	semapv:ManualMappingCuration	orcid:0009-0000-5160-7927	2026-01-14	1
http://id.who.int/icd/entity/1607952955	skos:exactMatch	https://data.esante.gouv.fr/terminologies/icf#63033	semapv:ManualMappingCuration	orcid:0009-0000-5160-7927	2026-01-14	1
http://id.who.int/icd/entity/1650503157	skos:exactMatch	https://data.esante.gouv.fr/terminologies/icf#56126	semapv:ManualMappingCuration	orcid:0009-0000-5160-7927	2026-01-14	1
http://id.who.int/icd/entity/1674298945	skos:exactMatch	https://data.esante.gouv.fr/terminologies/icf#90457	semapv:ManualMappingCuration	orcid:0009-0000-5160-7927	2026-01-14	1
http://id.who.int/icd/entity/1682107878	skos:exactMatch	https://data.esante.gouv.fr/terminologies/icf#55344	semapv:ManualMappingCuration	orcid:0009-0000-5160-7927	2026-01-14	1
http://id.who.int/icd/entity/169456190	skos:exactMatch	https://data.esante.gouv.fr/terminologies/icf#89690	semapv:ManualMappingCuration	orcid:0009-0000-5160-7927	2026-01-14	1
http://id.who.int/icd/entity/1725645062	skos:exactMatch	https://data.esante.gouv.fr/terminologies/icf#53776	semapv:ManualMappingCuration	orcid:0009-0000-5160-7927	2026-01-14	1
http://id.who.int/icd/entity/1739829655	skos:exactMatch	https://data.esante.gouv.fr/terminologies/icf#42605	semapv:ManualMappingCuration	orcid:0009-0000-5160-7927	2026-01-14	1
http://id.who.int/icd/entity/1747603619	skos:exactMatch	https://data.esante.gouv.fr/terminologies/icf#76282	semapv:ManualMappingCuration	orcid:0009-0000-5160-7927	2026-01-14	1
http://id.who.int/icd/entity/1748092144	skos:exactMatch	https://data.esante.gouv.fr/terminologies/icf#69811	semapv:ManualMappingCuration	orcid:0009-0000-5160-7927	2026-01-14	1
http://id.who.int/icd/entity/1754034822	skos:exactMatch	https://data.esante.gouv.fr/terminologies/icf#47856	semapv:ManualMappingCuration	orcid:0009-0000-5160-7927	2026-01-14	1
http://id.who.int/icd/entity/1757783224	skos:exactMatch	https://data.esante.gouv.fr/terminologies/icf#69553	semapv:ManualMappingCuration	orcid:0009-0000-5160-7927	2026-01-14	1
http://id.who.int/icd/entity/1777008610	skos:exactMatch	https://data.esante.gouv.fr/terminologies/icf#38976	semapv:ManualMappingCuration	orcid:0009-0000-5160-7927	2026-01-14	1
http://id.who.int/icd/entity/1780196241	skos:exactMatch	https://data.esante.gouv.fr/terminologies/icf#65208	semapv:ManualMappingCuration	orcid:0009-0000-5160-7927	2026-01-14	1
http://id.who.int/icd/entity/178625206	skos:exactMatch	https://data.esante.gouv.fr/terminologies/icf#75766	semapv:ManualMappingCuration	orcid:0009-0000-5160-7927	2026-01-14	1
http://id.who.int/icd/entity/1789365017	skos:exactMatch	https://data.esante.gouv.fr/terminologies/icf#23154	semapv:ManualMappingCuration	orcid:0009-0000-5160-7927	2026-01-14	1
http://id.who.int/icd/entity/1806589582	skos:exactMatch	https://data.esante.gouv.fr/terminologies/icf#740	semapv:ManualMappingCuration	orcid:0009-0000-5160-7927	2026-01-14	1
http://id.who.int/icd/entity/1811133755	skos:exactMatch	https://data.esante.gouv.fr/terminologies/icf#29639	semapv:ManualMappingCuration	orcid:0009-0000-5160-7927	2026-01-14	1
http://id.who.int/icd/entity/1819639191	skos:exactMatch	https://data.esante.gouv.fr/terminologies/icf#66239	semapv:ManualMappingCuration	orcid:0009-0000-5160-7927	2026-01-14	1
http://id.who.int/icd/entity/1831985718	skos:exactMatch	https://data.esante.gouv.fr/terminologies/icf#39060	semapv:ManualMappingCuration	orcid:0009-0000-5160-7927	2026-01-14	1
http://id.who.int/icd/entity/1834472768	skos:exactMatch	https://data.esante.gouv.fr/terminologies/icf#18009	semapv:ManualMappingCuration	orcid:0009-0000-5160-7927	2026-01-14	1
http://id.who.int/icd/entity/1839310222	skos:exactMatch	https://data.esante.gouv.fr/terminologies/icf#26422	semapv:ManualMappingCuration	orcid:0009-0000-5160-7927	2026-01-14	1
http://id.who.int/icd/entity/1846694084	skos:exactMatch	https://data.esante.gouv.fr/terminologies/icf#19739	semapv:ManualMappingCuration	orcid:0009-0000-5160-7927	2026-01-14	1
http://id.who.int/icd/entity/184992399	skos:exactMatch	https://data.esante.gouv.fr/terminologies/icf#13285	semapv:ManualMappingCuration	orcid:0009-0000-5160-7927	2026-01-14	1
http://id.who.int/icd/entity/1851215071	skos:exactMatch	https://data.esante.gouv.fr/terminologies/icf#39576	semapv:ManualMappingCuration	orcid:0009-0000-5160-7927	2026-01-14	1
http://id.who.int/icd/entity/1864074583	skos:exactMatch	https://data.esante.gouv.fr/terminologies/icf#1160	semapv:ManualMappingCuration	orcid:0009-0000-5160-7927	2026-01-14	1
http://id.who.int/icd/entity/1867012554	skos:exactMatch	https://data.esante.gouv.fr/terminologies/icf#2717	semapv:ManualMappingCuration	orcid:0009-0000-5160-7927	2026-01-14	1
http://id.who.int/icd/entity/1873256446	skos:exactMatch	https://data.esante.gouv.fr/terminologies/icf#96120	semapv:ManualMappingCuration	orcid:0009-0000-5160-7927	2026-01-14	1
http://id.who.int/icd/entity/1874889854	skos:exactMatch	https://data.esante.gouv.fr/terminologies/icf#51652	semapv:ManualMappingCuration	orcid:0009-0000-5160-7927	2026-01-14	1
http://id.who.int/icd/entity/1889260887	skos:exactMatch	https://data.esante.gouv.fr/terminologies/icf#77595	semapv:ManualMappingCuration	orcid:0009-0000-5160-7927	2026-01-14	1
http://id.who.int/icd/entity/1896301954	skos:exactMatch	https://data.esante.gouv.fr/terminologies/icf#75505	semapv:ManualMappingCuration	orcid:0009-0000-5160-7927	2026-01-14	1
http://id.who.int/icd/entity/191030643	skos:exactMatch	https://data.esante.gouv.fr/terminologies/icf#26165	semapv:ManualMappingCuration	orcid:0009-0000-5160-7927	2026-01-14	1
http://id.who.int/icd/entity/1919311435	skos:exactMatch	https://data.esante.gouv.fr/terminologies/icf#8975	semapv:ManualMappingCuration	orcid:0009-0000-5160-7927	2026-01-14	1
http://id.who.int/icd/entity/1929433903	skos:exactMatch	https://data.esante.gouv.fr/terminologies/icf#65852	semapv:ManualMappingCuration	orcid:0009-0000-5160-7927	2026-01-14	1
http://id.who.int/icd/entity/194413877	skos:exactMatch	https://data.esante.gouv.fr/terminologies/icf#24506	semapv:ManualMappingCuration	orcid:0009-0000-5160-7927	2026-01-14	1
http://id.who.int/icd/entity/1967923182	skos:exactMatch	https://data.esante.gouv.fr/terminologies/icf#82302	semapv:ManualMappingCuration	orcid:0009-0000-5160-7927	2026-01-14	1
http://id.who.int/icd/entity/1976873960	skos:exactMatch	https://data.esante.gouv.fr/terminologies/icf#26440	semapv:ManualMappingCuration	orcid:0009-0000-5160-7927	2026-01-14	1
http://id.who.int/icd/entity/2021370201	skos:exactMatch	https://data.esante.gouv.fr/terminologies/icf#72832	semapv:ManualMappingCuration	orcid:0009-0000-5160-7927	2026-01-14	1
http://id.who.int/icd/entity/2022689055	skos:exactMatch	https://data.esante.gouv.fr/terminologies/icf#40663	semapv:ManualMappingCuration	orcid:0009-0000-5160-7927	2026-01-14	1
http://id.who.int/icd/entity/2031311308	skos:exactMatch	https://data.esante.gouv.fr/terminologies/icf#79775	semapv:ManualMappingCuration	orcid:0009-0000-5160-7927	2026-01-14	1
http://id.who.int/icd/entity/203515404	skos:exactMatch	https://data.esante.gouv.fr/terminologies/icf#59282	semapv:ManualMappingCuration	orcid:0009-0000-5160-7927	2026-01-14	1
http://id.who.int/icd/entity/2036850613	skos:exactMatch	https://data.esante.gouv.fr/terminologies/icf#22184	semapv:ManualMappingCuration	orcid:0009-0000-5160-7927	2026-01-14	1
http://id.who.int/icd/entity/2039726067	skos:exactMatch	https://data.esante.gouv.fr/terminologies/icf#76253	semapv:ManualMappingCuration	orcid:0009-0000-5160-7927	2026-01-14	1
http://id.who.int/icd/entity/2052957777	skos:exactMatch	https://data.esante.gouv.fr/terminologies/icf#53990	semapv:ManualMappingCuration	orcid:0009-0000-5160-7927	2026-01-14	1
http://id.who.int/icd/entity/2067741200	skos:exactMatch	https://data.esante.gouv.fr/terminologies/icf#11004	semapv:ManualMappingCuration	orcid:0009-0000-5160-7927	2026-01-14	1
http://id.who.int/icd/entity/2069371821	skos:exactMatch	https://data.esante.gouv.fr/terminologies/icf#90666	semapv:ManualMappingCuration	orcid:0009-0000-5160-7927	2026-01-14	1
http://id.who.int/icd/entity/2069698903	skos:exactMatch	https://data.esante.gouv.fr/terminologies/icf#65982	semapv:ManualMappingCuration	orcid:0009-0000-5160-7927	2026-01-14	1
http://id.who.int/icd/entity/2089171534	skos:exactMatch	https://data.esante.gouv.fr/terminologies/icf#90592	semapv:ManualMappingCuration	orcid:0009-0000-5160-7927	2026-01-14	1
http://id.who.int/icd/entity/2090906765	skos:exactMatch	https://data.esante.gouv.fr/terminologies/icf#43547	semapv:ManualMappingCuration	orcid:0009-0000-5160-7927	2026-01-14	1
http://id.who.int/icd/entity/2100545361	skos:exactMatch	https://data.esante.gouv.fr/terminologies/icf#55991	semapv:ManualMappingCuration	orcid:0009-0000-5160-7927	2026-01-14	1
http://id.who.int/icd/entity/2102716148	skos:exactMatch	https://data.esante.gouv.fr/terminologies/icf#36531	semapv:ManualMappingCuration	orcid:0009-0000-5160-7927	2026-01-14	1
http://id.who.int/icd/entity/213697684	skos:exactMatch	https://data.esante.gouv.fr/terminologies/icf#94401	semapv:ManualMappingCuration	orcid:0009-0000-5160-7927	2026-01-14	1
http://id.who.int/icd/entity/213893837	skos:exactMatch	https://data.esante.gouv.fr/terminologies/icf#7260	semapv:ManualMappingCuration	orcid:0009-0000-5160-7927	2026-01-14	1
http://id.who.int/icd/entity/222589883	skos:exactMatch	https://data.esante.gouv.fr/terminologies/icf#55041	semapv:ManualMappingCuration	orcid:0009-0000-5160-7927	2026-01-14	1
http://id.who.int/icd/entity/232409592	skos:exactMatch	https://data.esante.gouv.fr/terminologies/icf#60886	semapv:ManualMappingCuration	orcid:0009-0000-5160-7927	2026-01-14	1
http://id.who.int/icd/entity/242704590	skos:exactMatch	https://data.esante.gouv.fr/terminologies/icf#68771	semapv:ManualMappingCuration	orcid:0009-0000-5160-7927	2026-01-14	1
http://id.who.int/icd/entity/246722870	skos:exactMatch	https://data.esante.gouv.fr/terminologies/icf#52807	semapv:ManualMappingCuration	orcid:0009-0000-5160-7927	2026-01-14	1
http://id.who.int/icd/entity/248265067	skos:exactMatch	https://data.esante.gouv.fr/terminologies/icf#87098	semapv:ManualMappingCuration	orcid:0009-0000-5160-7927	2026-01-14	1
http://id.who.int/icd/entity/249425252	skos:exactMatch	https://data.esante.gouv.fr/terminologies/icf#53270	semapv:ManualMappingCuration	orcid:0009-0000-5160-7927	2026-01-14	1
http://id.who.int/icd/entity/260756767	skos:exactMatch	https://data.esante.gouv.fr/terminologies/icf#40861	semapv:ManualMappingCuration	orcid:0009-0000-5160-7927	2026-01-14	1
http://id.who.int/icd/entity/274570113	skos:exactMatch	https://data.esante.gouv.fr/terminologies/icf#35923	semapv:ManualMappingCuration	orcid:0009-0000-5160-7927	2026-01-14	1
http://id.who.int/icd/entity/278208942	skos:exactMatch	https://data.esante.gouv.fr/terminologies/icf#86800	semapv:ManualMappingCuration	orcid:0009-0000-5160-7927	2026-01-14	1
http://id.who.int/icd/entity/278512890	skos:exactMatch	https://data.esante.gouv.fr/terminologies/icf#75122	semapv:ManualMappingCuration	orcid:0009-0000-5160-7927	2026-01-14	1
http://id.who.int/icd/entity/294830867	skos:exactMatch	https://data.esante.gouv.fr/terminologies/icf#44569	semapv:ManualMappingCuration	orcid:0009-0000-5160-7927	2026-01-14	1
http://id.who.int/icd/entity/299098423	skos:exactMatch	https://data.esante.gouv.fr/terminologies/icf#55346	semapv:ManualMappingCuration	orcid:0009-0000-5160-7927	2026-01-14	1
http://id.who.int/icd/entity/338611549	skos:exactMatch	https://data.esante.gouv.fr/terminologies/icf#93403	semapv:ManualMappingCuration	orcid:0009-0000-5160-7927	2026-01-14	1
http://id.who.int/icd/entity/341679012	skos:exactMatch	https://data.esante.gouv.fr/terminologies/icf#8685	semapv:ManualMappingCuration	orcid:0009-0000-5160-7927	2026-01-14	1
http://id.who.int/icd/entity/363211474	skos:exactMatch	https://data.esante.gouv.fr/terminologies/icf#77063	semapv:ManualMappingCuration	orcid:0009-0000-5160-7927	2026-01-14	1
http://id.who.int/icd/entity/374222990	skos:exactMatch	https://data.esante.gouv.fr/terminologies/icf#86602	semapv:ManualMappingCuration	orcid:0009-0000-5160-7927	2026-01-14	1
http://id.who.int/icd/entity/389047611	skos:exactMatch	https://data.esante.gouv.fr/terminologies/icf#12261	semapv:ManualMappingCuration	orcid:0009-0000-5160-7927	2026-01-14	1
http://id.who.int/icd/entity/397303672	skos:exactMatch	https://data.esante.gouv.fr/terminologies/icf#21148	semapv:ManualMappingCuration	orcid:0009-0000-5160-7927	2026-01-14	1
http://id.who.int/icd/entity/399242087	skos:exactMatch	https://data.esante.gouv.fr/terminologies/icf#49478	semapv:ManualMappingCuration	orcid:0009-0000-5160-7927	2026-01-14	1
http://id.who.int/icd/entity/402775005	skos:exactMatch	https://data.esante.gouv.fr/terminologies/icf#44985	semapv:ManualMappingCuration	orcid:0009-0000-5160-7927	2026-01-14	1
http://id.who.int/icd/entity/409094401	skos:exactMatch	https://data.esante.gouv.fr/terminologies/icf#48245	semapv:ManualMappingCuration	orcid:0009-0000-5160-7927	2026-01-14	1
http://id.who.int/icd/entity/412494151	skos:exactMatch	https://data.esante.gouv.fr/terminologies/icf#44139	semapv:ManualMappingCuration	orcid:0009-0000-5160-7927	2026-01-14	1
http://id.who.int/icd/entity/426292658	skos:exactMatch	https://data.esante.gouv.fr/terminologies/icf#84736	semapv:ManualMappingCuration	orcid:0009-0000-5160-7927	2026-01-14	1
http://id.who.int/icd/entity/435521956	skos:exactMatch	https://data.esante.gouv.fr/terminologies/icf#51431	semapv:ManualMappingCuration	orcid:0009-0000-5160-7927	2026-01-14	1
http://id.who.int/icd/entity/436620656	skos:exactMatch	https://data.esante.gouv.fr/terminologies/icf#47440	semapv:ManualMappingCuration	orcid:0009-0000-5160-7927	2026-01-14	1
http://id.who.int/icd/entity/446199613	skos:exactMatch	https://data.esante.gouv.fr/terminologies/icf#29060	semapv:ManualMappingCuration	orcid:0009-0000-5160-7927	2026-01-14	1
http://id.who.int/icd/entity/454325322	skos:exactMatch	https://data.esante.gouv.fr/terminologies/icf#63562	semapv:ManualMappingCuration	orcid:0009-0000-5160-7927	2026-01-14	1
http://id.who.int/icd/entity/462923277	skos:exactMatch	https://data.esante.gouv.fr/terminologies/icf#81505	semapv:ManualMappingCuration	orcid:0009-0000-5160-7927	2026-01-14	1
http://id.who.int/icd/entity/485719194	skos:exactMatch	https://data.esante.gouv.fr/terminologies/icf#40034	semapv:ManualMappingCuration	orcid:0009-0000-5160-7927	2026-01-14	1
http://id.who.int/icd/entity/49044301	skos:exactMatch	https://data.esante.gouv.fr/terminologies/icf#4126	semapv:ManualMappingCuration	orcid:0009-0000-5160-7927	2026-01-14	1
http://id.who.int/icd/entity/495844982	skos:exactMatch	https://data.esante.gouv.fr/terminologies/icf#32623	semapv:ManualMappingCuration	orcid:0009-0000-5160-7927	2026-01-14	1
http://id.who.int/icd/entity/539470158	skos:exactMatch	https://data.esante.gouv.fr/terminologies/icf#58004	semapv:ManualMappingCuration	orcid:0009-0000-5160-7927	2026-01-14	1
http://id.who.int/icd/entity/552193364	skos:exactMatch	https://data.esante.gouv.fr/terminologies/icf#88472	semapv:ManualMappingCuration	orcid:0009-0000-5160-7927	2026-01-14	1
http://id.who.int/icd/entity/553784299	skos:exactMatch	https://data.esante.gouv.fr/terminologies/icf#64253	semapv:ManualMappingCuration	orcid:0009-0000-5160-7927	2026-01-14	1
http://id.who.int/icd/entity/555410497	skos:exactMatch	https://data.esante.gouv.fr/terminologies/icf#27642	semapv:ManualMappingCuration	orcid:0009-0000-5160-7927	2026-01-14	1
http://id.who.int/icd/entity/556694745	skos:exactMatch	https://data.esante.gouv.fr/terminologies/icf#99746	semapv:ManualMappingCuration	orcid:0009-0000-5160-7927	2026-01-14	1
http://id.who.int/icd/entity/576915490	skos:exactMatch	https://data.esante.gouv.fr/terminologies/icf#62957	semapv:ManualMappingCuration	orcid:0009-0000-5160-7927	2026-01-14	1
http://id.who.int/icd/entity/577558794	skos:exactMatch	https://data.esante.gouv.fr/terminologies/icf#14462	semapv:ManualMappingCuration	orcid:0009-0000-5160-7927	2026-01-14	1
http://id.who.int/icd/entity/58064740	skos:exactMatch	https://data.esante.gouv.fr/terminologies/icf#31001	semapv:ManualMappingCuration	orcid:0009-0000-5160-7927	2026-01-14	1
http://id.who.int/icd/entity/583874291	skos:exactMatch	https://data.esante.gouv.fr/terminologies/icf#98494	semapv:ManualMappingCuration	orcid:0009-0000-5160-7927	2026-01-14	1
http://id.who.int/icd/entity/606087144	skos:exactMatch	https://data.esante.gouv.fr/terminologies/icf#4629	semapv:ManualMappingCuration	orcid:0009-0000-5160-7927	2026-01-14	1
http://id.who.int/icd/entity/608795582	skos:exactMatch	https://data.esante.gouv.fr/terminologies/icf#69888	semapv:ManualMappingCuration	orcid:0009-0000-5160-7927	2026-01-14	1
http://id.who.int/icd/entity/621727843	skos:exactMatch	https://data.esante.gouv.fr/terminologies/icf#43934	semapv:ManualMappingCuration	orcid:0009-0000-5160-7927	2026-01-14	1
http://id.who.int/icd/entity/623565657	skos:exactMatch	https://data.esante.gouv.fr/terminologies/icf#1419	semapv:ManualMappingCuration	orcid:0009-0000-5160-7927	2026-01-14	1
http://id.who.int/icd/entity/627064928	skos:exactMatch	https://data.esante.gouv.fr/terminologies/icf#12627	semapv:ManualMappingCuration	orcid:0009-0000-5160-7927	2026-01-14	1
http://id.who.int/icd/entity/634949825	skos:exactMatch	https://data.esante.gouv.fr/terminologies/icf#23804	semapv:ManualMappingCuration	orcid:0009-0000-5160-7927	2026-01-14	1
http://id.who.int/icd/entity/640373779	skos:exactMatch	https://data.esante.gouv.fr/terminologies/icf#87843	semapv:ManualMappingCuration	orcid:0009-0000-5160-7927	2026-01-14	1
http://id.who.int/icd/entity/682314871	skos:exactMatch	https://data.esante.gouv.fr/terminologies/icf#63075	semapv:ManualMappingCuration	orcid:0009-0000-5160-7927	2026-01-14	1
http://id.who.int/icd/entity/68679181	skos:exactMatch	https://data.esante.gouv.fr/terminologies/icf#83877	semapv:ManualMappingCuration	orcid:0009-0000-5160-7927	2026-01-14	1
http://id.who.int/icd/entity/691689627	skos:exactMatch	https://data.esante.gouv.fr/terminologies/icf#7404	semapv:ManualMappingCuration	orcid:0009-0000-5160-7927	2026-01-14	1
http://id.who.int/icd/entity/712447084	skos:exactMatch	https://data.esante.gouv.fr/terminologies/icf#29521	semapv:ManualMappingCuration	orcid:0009-0000-5160-7927	2026-01-14	1
http://id.who.int/icd/entity/712570723	skos:exactMatch	https://data.esante.gouv.fr/terminologies/icf#19911	semapv:ManualMappingCuration	orcid:0009-0000-5160-7927	2026-01-14	1
http://id.who.int/icd/entity/719872561	skos:exactMatch	https://data.esante.gouv.fr/terminologies/icf#56466	semapv:ManualMappingCuration	orcid:0009-0000-5160-7927	2026-01-14	1
http://id.who.int/icd/entity/723417607	skos:exactMatch	https://data.esante.gouv.fr/terminologies/icf#51931	semapv:ManualMappingCuration	orcid:0009-0000-5160-7927	2026-01-14	1
http://id.who.int/icd/entity/723665457	skos:exactMatch	https://data.esante.gouv.fr/terminologies/icf#11541	semapv:ManualMappingCuration	orcid:0009-0000-5160-7927	2026-01-14	1
http://id.who.int/icd/entity/73014515	skos:exactMatch	https://data.esante.gouv.fr/terminologies/icf#40210	semapv:ManualMappingCuration	orcid:0009-0000-5160-7927	2026-01-14	1
http://id.who.int/icd/entity/735194884	skos:exactMatch	https://data.esante.gouv.fr/terminologies/icf#19185	semapv:ManualMappingCuration	orcid:0009-0000-5160-7927	2026-01-14	1
http://id.who.int/icd/entity/744367503	skos:exactMatch	https://data.esante.gouv.fr/terminologies/icf#43461	semapv:ManualMappingCuration	orcid:0009-0000-5160-7927	2026-01-14	1
http://id.who.int/icd/entity/75971722	skos:exactMatch	https://data.esante.gouv.fr/terminologies/icf#78049	semapv:ManualMappingCuration	orcid:0009-0000-5160-7927	2026-01-14	1
http://id.who.int/icd/entity/760395462	skos:exactMatch	https://data.esante.gouv.fr/terminologies/icf#67155	semapv:ManualMappingCuration	orcid:0009-0000-5160-7927	2026-01-14	1
http://id.who.int/icd/entity/773343048	skos:exactMatch	https://data.esante.gouv.fr/terminologies/icf#11579	semapv:ManualMappingCuration	orcid:0009-0000-5160-7927	2026-01-14	1
http://id.who.int/icd/entity/793188683	skos:exactMatch	https://data.esante.gouv.fr/terminologies/icf#40000	semapv:ManualMappingCuration	orcid:0009-0000-5160-7927	2026-01-14	1
http://id.who.int/icd/entity/822292691	skos:exactMatch	https://data.esante.gouv.fr/terminologies/icf#61956	semapv:ManualMappingCuration	orcid:0009-0000-5160-7927	2026-01-14	1
http://id.who.int/icd/entity/829058183	skos:exactMatch	https://data.esante.gouv.fr/terminologies/icf#96637	semapv:ManualMappingCuration	orcid:0009-0000-5160-7927	2026-01-14	1
http://id.who.int/icd/entity/834607195	skos:exactMatch	https://data.esante.gouv.fr/terminologies/icf#31079	semapv:ManualMappingCuration	orcid:0009-0000-5160-7927	2026-01-14	1
http://id.who.int/icd/entity/841397411	skos:exactMatch	https://data.esante.gouv.fr/terminologies/icf#94941	semapv:ManualMappingCuration	orcid:0009-0000-5160-7927	2026-01-14	1
http://id.who.int/icd/entity/848997900	skos:exactMatch	https://data.esante.gouv.fr/terminologies/icf#84252	semapv:ManualMappingCuration	orcid:0009-0000-5160-7927	2026-01-14	1
http://id.who.int/icd/entity/854468725	skos:exactMatch	https://data.esante.gouv.fr/terminologies/icf#53663	semapv:ManualMappingCuration	orcid:0009-0000-5160-7927	2026-01-14	1
http://id.who.int/icd/entity/855039967	skos:exactMatch	https://data.esante.gouv.fr/terminologies/icf#51372	semapv:ManualMappingCuration	orcid:0009-0000-5160-7927	2026-01-14	1
http://id.who.int/icd/entity/858957383	skos:exactMatch	https://data.esante.gouv.fr/terminologies/icf#96654	semapv:ManualMappingCuration	orcid:0009-0000-5160-7927	2026-01-14	1
http://id.who.int/icd/entity/859818654	skos:exactMatch	https://data.esante.gouv.fr/terminologies/icf#11605	semapv:ManualMappingCuration	orcid:0009-0000-5160-7927	2026-01-14	1
http://id.who.int/icd/entity/862003070	skos:exactMatch	https://data.esante.gouv.fr/terminologies/icf#44558	semapv:ManualMappingCuration	orcid:0009-0000-5160-7927	2026-01-14	1
http://id.who.int/icd/entity/862066979	skos:exactMatch	https://data.esante.gouv.fr/terminologies/icf#6603	semapv:ManualMappingCuration	orcid:0009-0000-5160-7927	2026-01-14	1
http://id.who.int/icd/entity/870135798	skos:exactMatch	https://data.esante.gouv.fr/terminologies/icf#73471	semapv:ManualMappingCuration	orcid:0009-0000-5160-7927	2026-01-14	1
http://id.who.int/icd/entity/871682135	skos:exactMatch	https://data.esante.gouv.fr/terminologies/icf#31432	semapv:ManualMappingCuration	orcid:0009-0000-5160-7927	2026-01-14	1
http://id.who.int/icd/entity/882590883	skos:exactMatch	https://data.esante.gouv.fr/terminologies/icf#87252	semapv:ManualMappingCuration	orcid:0009-0000-5160-7927	2026-01-14	1
http://id.who.int/icd/entity/890173921	skos:exactMatch	https://data.esante.gouv.fr/terminologies/icf#35031	semapv:ManualMappingCuration	orcid:0009-0000-5160-7927	2026-01-14	1
http://id.who.int/icd/entity/893697482	skos:exactMatch	https://data.esante.gouv.fr/terminologies/icf#61232	semapv:ManualMappingCuration	orcid:0009-0000-5160-7927	2026-01-14	1
http://id.who.int/icd/entity/894218497	skos:exactMatch	https://data.esante.gouv.fr/terminologies/icf#18070	semapv:ManualMappingCuration	orcid:0009-0000-5160-7927	2026-01-14	1
http://id.who.int/icd/entity/902262669	skos:exactMatch	https://data.esante.gouv.fr/terminologies/icf#73782	semapv:ManualMappingCuration	orcid:0009-0000-5160-7927	2026-01-14	1
http://id.who.int/icd/entity/919003335	skos:exactMatch	https://data.esante.gouv.fr/terminologies/icf#88080	semapv:ManualMappingCuration	orcid:0009-0000-5160-7927	2026-01-14	1
http://id.who.int/icd/entity/923782542	skos:exactMatch	https://data.esante.gouv.fr/terminologies/icf#85927	semapv:ManualMappingCuration	orcid:0009-0000-5160-7927	2026-01-14	1
http://id.who.int/icd/entity/925451085	skos:exactMatch	https://data.esante.gouv.fr/terminologies/icf#95994	semapv:ManualMappingCuration	orcid:0009-0000-5160-7927	2026-01-14	1
http://id.who.int/icd/entity/933576740	skos:exactMatch	https://data.esante.gouv.fr/terminologies/icf#35541	semapv:ManualMappingCuration	orcid:0009-0000-5160-7927	2026-01-14	1
