http://id.who.int/icd/entity/1394728112,,,,
http://id.who.int/icd/entity/1608009360,,,,
http://id.who.int/icd/entity/1328675264,,,,
http://id.who.int/icd/entity/553784299,,,,
http://id.who.int/icd/entity/1828012543,,,,
http://id.who.int/icd/entity/909196092,,,,
http://id.who.int/icd/entity/151046878,,,,
http://id.who.int/icd/entity/2048203604,,,,
http://id.who.int/icd/entity/1266389839,,,,
http://id.who.int/icd/entity/150502901,,,,
http://id.who.int/icd/entity/1334556216,,,,
http://id.who.int/icd/entity/1550548595,,,,
http://id.who.int/icd/entity/555410497,,,,
http://id.who.int/icd/entity/1993770860,,,,
http://id.who.int/icd/entity/1626363729,,,,
http://id.who.int/icd/entity/138182487,,,,
http://id.who.int/icd/entity/256640543,,,,
http://id.who.int/icd/entity/1843740951,,,,
http://id.who.int/icd/entity/246722870,,,,
http://id.who.int/icd/entity/405925948,,,,
http://id.who.int/icd/entity/426292658,,,,      
http://id.who.int/icd/entity/68679181,,,,
http://id.who.int/icd/entity/521411479,,,,
http://id.who.int/icd/entity/829058183,,,,
http://id.who.int/icd/entity/495844982,,,,
http://id.who.int/icd/entity/1571232890,,,,
http://id.who.int/icd/entity/870135798,,,,
http://id.who.int/icd/entity/644658903,,,,
http://id.who.int/icd/entity/1019379329,,,,
http://id.who.int/icd/entity/142318995,,,,
http://id.who.int/icd/entity/1233939003,,,,
http://id.who.int/icd/entity/640373779,,,,
http://id.who.int/icd/entity/1867012554,,,,
http://id.who.int/icd/entity/822292691,,,,
http://id.who.int/icd/entity/294830867,,,,
http://id.who.int/icd/entity/1108927576,,,,
http://id.who.int/icd/entity/278512890,,,,
http://id.who.int/icd/entity/1929433903,,,,
http://id.who.int/icd/entity/249425252,,,,
http://id.who.int/icd/entity/338611549,,,,
http://id.who.int/icd/entity/435521956,,,,
http://id.who.int/icd/entity/1794398084,,,,
http://id.who.int/icd/entity/933576740,,,,
http://id.who.int/icd/entity/1278239861,,,,
http://id.who.int/icd/entity/232409592,,,,
http://id.who.int/icd/entity/793188683,,,,
http://id.who.int/icd/entity/436620656,,,,
http://id.who.int/icd/entity/1874889854,,,,
http://id.who.int/icd/entity/723417607,,,,
http://id.who.int/icd/entity/58064740,,,,
http://id.who.int/icd/entity/567313968,,,,
http://id.who.int/icd/entity/1363559646,,,,
http://id.who.int/icd/entity/134464731,,,,
http://id.who.int/icd/entity/1811133755,,,,
http://id.who.int/icd/entity/1819639191,,,,
http://id.who.int/icd/entity/75971722,,,,
http://id.who.int/icd/entity/2069698903,,,,
http://id.who.int/icd/entity/2052957777,,,,
http://id.who.int/icd/entity/882590883,,,,
http://id.who.int/icd/entity/723665457,,,,      
http://id.who.int/icd/entity/1864074583,,,,
http://id.who.int/icd/entity/161488596,,,,
http://id.who.int/icd/entity/1164313611,,,,
http://id.who.int/icd/entity/274570113,,,,
http://id.who.int/icd/entity/1407133273,,,,
http://id.who.int/icd/entity/1789365017,,,,
http://id.who.int/icd/entity/556694745,,,,
http://id.who.int/icd/entity/627064928,,,,
http://id.who.int/icd/entity/1328466963,,,,
http://id.who.int/icd/entity/576915490,,,,
http://id.who.int/icd/entity/1916167881,,,,
http://id.who.int/icd/entity/1255154286,,,,
http://id.who.int/icd/entity/1607952955,,,,
http://id.who.int/icd/entity/1831985718,,,,
http://id.who.int/icd/entity/203515404,,,,
http://id.who.int/icd/entity/894218497,,,,
http://id.who.int/icd/entity/454325322,,,,
http://id.who.int/icd/entity/577558794,,,,
http://id.who.int/icd/entity/1065560247,,,,
http://id.who.int/icd/entity/117147127,,,,
http://id.who.int/icd/entity/1299345975,,,,
http://id.who.int/icd/entity/1515853559,,,,
http://id.who.int/icd/entity/299098423,,,,
http://id.who.int/icd/entity/682314871,,,,
http://id.who.int/icd/entity/893697482,,,,
http://id.who.int/icd/entity/890173921,,,,
http://id.who.int/icd/entity/2031311308,,,,
http://id.who.int/icd/entity/2021370201,,,,
http://id.who.int/icd/entity/326705068,,,,
http://id.who.int/icd/entity/744367503,,,,
http://id.who.int/icd/entity/1360101629,,,,
http://id.who.int/icd/entity/446199613,,,,
http://id.who.int/icd/entity/388067588,,,,
http://id.who.int/icd/entity/1034220517,,,,
http://id.who.int/icd/entity/1919311435,,,,
http://id.who.int/icd/entity/213697684,,,,
http://id.who.int/icd/entity/1109440237,,,,
http://id.who.int/icd/entity/1426641453,,,,
http://id.who.int/icd/entity/2069371821,,,,
http://id.who.int/icd/entity/712570723,,,,
http://id.who.int/icd/entity/1846694084,,,,
http://id.who.int/icd/entity/850289698,,,,
http://id.who.int/icd/entity/1976873960,,,,
http://id.who.int/icd/entity/363211474,,,,
http://id.who.int/icd/entity/1174312718,,,,
http://id.who.int/icd/entity/1389818830,,,,
http://id.who.int/icd/entity/1806589582,,,,
http://id.who.int/icd/entity/2089171534,,,,
http://id.who.int/icd/entity/539470158,,,,
http://id.who.int/icd/entity/923782542,,,,
